Comuna,region_id_x,TOP3,AÃ±o comercial,riqueza
PROVIDENCIA,13.0,"COMERCIO AL POR MAYOR Y AL POR MENOR; REPARACION DE VEHICULOS AUTOMOTORES Y MOTOCICLETAS, CONSTRUCCION, ACTIVIDADES FINANCIERAS Y DE SEGUROS",2022,1786016500
LA CISTERNA,13.0,"COMERCIO AL POR MAYOR Y AL POR MENOR; REPARACION DE VEHICULOS AUTOMOTORES Y MOTOCICLETAS, INDUSTRIA MANUFACTURERA, CONSTRUCCION",2022,61563000
SAN BERNARDO,13.0,"COMERCIO AL POR MAYOR Y AL POR MENOR; REPARACION DE VEHICULOS AUTOMOTORES Y MOTOCICLETAS, INDUSTRIA MANUFACTURERA, TRANSPORTE Y ALMACENAMIENTO",2022,320562400
LA SERENA,4.0,"COMERCIO AL POR MAYOR Y AL POR MENOR; REPARACION DE VEHICULOS AUTOMOTORES Y MOTOCICLETAS, CONSTRUCCION, ACTIVIDADES INMOBILIARIAS",2022,152188800
PENCAHUE,7.0,"AGRICULTURA, GANADERIA, SILVICULTURA Y PESCA, COMERCIO AL POR MAYOR Y AL POR MENOR; REPARACION DE VEHICULOS AUTOMOTORES Y MOTOCICLETAS, ACTIVIDADES FINANCIERAS Y DE SEGUROS",2022,6128100
SANTIAGO,13.0,"COMERCIO AL POR MAYOR Y AL POR MENOR; REPARACION DE VEHICULOS AUTOMOTORES Y MOTOCICLETAS, ACTIVIDADES FINANCIERAS Y DE SEGUROS, ACTIVIDADES DE SERVICIOS ADMINISTRATIVOS Y DE APOYO",2022,1423054800
LA LIGUA,5.0,"COMERCIO AL POR MAYOR Y AL POR MENOR; REPARACION DE VEHICULOS AUTOMOTORES Y MOTOCICLETAS, AGRICULTURA, GANADERIA, SILVICULTURA Y PESCA, ACTIVIDADES INMOBILIARIAS",2022,10819500
LO BARNECHEA,13.0,"ACTIVIDADES FINANCIERAS Y DE SEGUROS, COMERCIO AL POR MAYOR Y AL POR MENOR; REPARACION DE VEHICULOS AUTOMOTORES Y MOTOCICLETAS, ACTIVIDADES INMOBILIARIAS",2022,436849200
CHILLAN,16.0,"COMERCIO AL POR MAYOR Y AL POR MENOR; REPARACION DE VEHICULOS AUTOMOTORES Y MOTOCICLETAS, AGRICULTURA, GANADERIA, SILVICULTURA Y PESCA, CONSTRUCCION",2022,108659100
VALPARAISO,5.0,"TRANSPORTE Y ALMACENAMIENTO, COMERCIO AL POR MAYOR Y AL POR MENOR; REPARACION DE VEHICULOS AUTOMOTORES Y MOTOCICLETAS, INDUSTRIA MANUFACTURERA",2022,190788500
TALAGANTE,13.0,"COMERCIO AL POR MAYOR Y AL POR MENOR; REPARACION DE VEHICULOS AUTOMOTORES Y MOTOCICLETAS, AGRICULTURA, GANADERIA, SILVICULTURA Y PESCA, INDUSTRIA MANUFACTURERA",2022,35447400
ALGARROBO,5.0,"ACTIVIDADES FINANCIERAS Y DE SEGUROS, ACTIVIDADES INMOBILIARIAS, COMERCIO AL POR MAYOR Y AL POR MENOR; REPARACION DE VEHICULOS AUTOMOTORES Y MOTOCICLETAS",2022,17879000
SAN JOAQUIN,13.0,"COMERCIO AL POR MAYOR Y AL POR MENOR; REPARACION DE VEHICULOS AUTOMOTORES Y MOTOCICLETAS, INDUSTRIA MANUFACTURERA, ACTIVIDADES FINANCIERAS Y DE SEGUROS",2022,117268700
NUNOA,13.0,"COMERCIO AL POR MAYOR Y AL POR MENOR; REPARACION DE VEHICULOS AUTOMOTORES Y MOTOCICLETAS, ACTIVIDADES DE SERVICIOS ADMINISTRATIVOS Y DE APOYO, CONSTRUCCION",2022,271772400
PAREDONES,6.0,"COMERCIO AL POR MAYOR Y AL POR MENOR; REPARACION DE VEHICULOS AUTOMOTORES Y MOTOCICLETAS, AGRICULTURA, GANADERIA, SILVICULTURA Y PESCA, INDUSTRIA MANUFACTURERA",2022,451700
QUINTA NORMAL,13.0,"COMERCIO AL POR MAYOR Y AL POR MENOR; REPARACION DE VEHICULOS AUTOMOTORES Y MOTOCICLETAS, INDUSTRIA MANUFACTURERA, TRANSPORTE Y ALMACENAMIENTO",2022,117175500
ANDACOLLO,4.0,"EXPLOTACION DE MINAS Y CANTERAS, CONSTRUCCION, COMERCIO AL POR MAYOR Y AL POR MENOR; REPARACION DE VEHICULOS AUTOMOTORES Y MOTOCICLETAS",2022,6600200
INDEPENDENCIA,13.0,"COMERCIO AL POR MAYOR Y AL POR MENOR; REPARACION DE VEHICULOS AUTOMOTORES Y MOTOCICLETAS, INDUSTRIA MANUFACTURERA, CONSTRUCCION",2022,95307200
RECOLETA,13.0,"COMERCIO AL POR MAYOR Y AL POR MENOR; REPARACION DE VEHICULOS AUTOMOTORES Y MOTOCICLETAS, ACTIVIDADES FINANCIERAS Y DE SEGUROS, ACTIVIDADES INMOBILIARIAS",2022,278207400
CERRILLOS,13.0,"INDUSTRIA MANUFACTURERA, COMERCIO AL POR MAYOR Y AL POR MENOR; REPARACION DE VEHICULOS AUTOMOTORES Y MOTOCICLETAS, CONSTRUCCION",2022,126154100
OVALLE,4.0,"COMERCIO AL POR MAYOR Y AL POR MENOR; REPARACION DE VEHICULOS AUTOMOTORES Y MOTOCICLETAS, AGRICULTURA, GANADERIA, SILVICULTURA Y PESCA, TRANSPORTE Y ALMACENAMIENTO",2022,41677000
SANTA CRUZ,6.0,"COMERCIO AL POR MAYOR Y AL POR MENOR; REPARACION DE VEHICULOS AUTOMOTORES Y MOTOCICLETAS, AGRICULTURA, GANADERIA, SILVICULTURA Y PESCA, ACTIVIDADES FINANCIERAS Y DE SEGUROS",2022,40185100
COPIAPO,3.0,"COMERCIO AL POR MAYOR Y AL POR MENOR; REPARACION DE VEHICULOS AUTOMOTORES Y MOTOCICLETAS, EXPLOTACION DE MINAS Y CANTERAS, CONSTRUCCION",2022,93663700
ANGOL,9.0,"COMERCIO AL POR MAYOR Y AL POR MENOR; REPARACION DE VEHICULOS AUTOMOTORES Y MOTOCICLETAS, AGRICULTURA, GANADERIA, SILVICULTURA Y PESCA, TRANSPORTE Y ALMACENAMIENTO",2022,24078200
ALHUE,13.0,"EXPLOTACION DE MINAS Y CANTERAS, AGRICULTURA, GANADERIA, SILVICULTURA Y PESCA, COMERCIO AL POR MAYOR Y AL POR MENOR; REPARACION DE VEHICULOS AUTOMOTORES Y MOTOCICLETAS",2022,3748600
TALCA,7.0,"COMERCIO AL POR MAYOR Y AL POR MENOR; REPARACION DE VEHICULOS AUTOMOTORES Y MOTOCICLETAS, CONSTRUCCION, INDUSTRIA MANUFACTURERA",2022,164444500
CURACAVI,13.0,"ACTIVIDADES FINANCIERAS Y DE SEGUROS, AGRICULTURA, GANADERIA, SILVICULTURA Y PESCA, COMERCIO AL POR MAYOR Y AL POR MENOR; REPARACION DE VEHICULOS AUTOMOTORES Y MOTOCICLETAS",2022,24357200
PUERTO MONTT,10.0,"COMERCIO AL POR MAYOR Y AL POR MENOR; REPARACION DE VEHICULOS AUTOMOTORES Y MOTOCICLETAS, AGRICULTURA, GANADERIA, SILVICULTURA Y PESCA, TRANSPORTE Y ALMACENAMIENTO",2022,330293900
SANTA BARBARA,8.0,"COMERCIO AL POR MAYOR Y AL POR MENOR; REPARACION DE VEHICULOS AUTOMOTORES Y MOTOCICLETAS, AGRICULTURA, GANADERIA, SILVICULTURA Y PESCA, TRANSPORTE Y ALMACENAMIENTO",2022,3660400
LAMPA,13.0,"COMERCIO AL POR MAYOR Y AL POR MENOR; REPARACION DE VEHICULOS AUTOMOTORES Y MOTOCICLETAS, INDUSTRIA MANUFACTURERA, CONSTRUCCION",2022,258647200
VILLARRICA,9.0,"COMERCIO AL POR MAYOR Y AL POR MENOR; REPARACION DE VEHICULOS AUTOMOTORES Y MOTOCICLETAS, ACTIVIDADES FINANCIERAS Y DE SEGUROS, ACTIVIDADES INMOBILIARIAS",2022,48352100
LAS CONDES,13.0,"ACTIVIDADES FINANCIERAS Y DE SEGUROS, COMERCIO AL POR MAYOR Y AL POR MENOR; REPARACION DE VEHICULOS AUTOMOTORES Y MOTOCICLETAS, CONSTRUCCION",2022,4250579800
PERALILLO,6.0,"INDUSTRIA MANUFACTURERA, AGRICULTURA, GANADERIA, SILVICULTURA Y PESCA, COMERCIO AL POR MAYOR Y AL POR MENOR; REPARACION DE VEHICULOS AUTOMOTORES Y MOTOCICLETAS",2022,6728000
PUNTA ARENAS,12.0,"COMERCIO AL POR MAYOR Y AL POR MENOR; REPARACION DE VEHICULOS AUTOMOTORES Y MOTOCICLETAS, TRANSPORTE Y ALMACENAMIENTO, INDUSTRIA MANUFACTURERA",2022,129281400
COMBARBALA,4.0,"EXPLOTACION DE MINAS Y CANTERAS, COMERCIO AL POR MAYOR Y AL POR MENOR; REPARACION DE VEHICULOS AUTOMOTORES Y MOTOCICLETAS, CONSTRUCCION",2022,1908500
IQUIQUE,1.0,"COMERCIO AL POR MAYOR Y AL POR MENOR; REPARACION DE VEHICULOS AUTOMOTORES Y MOTOCICLETAS, TRANSPORTE Y ALMACENAMIENTO, CONSTRUCCION",2022,379505500
LOS ANGELES,8.0,"COMERCIO AL POR MAYOR Y AL POR MENOR; REPARACION DE VEHICULOS AUTOMOTORES Y MOTOCICLETAS, INDUSTRIA MANUFACTURERA, AGRICULTURA, GANADERIA, SILVICULTURA Y PESCA",2022,157040500
VINA DEL MAR,5.0,"COMERCIO AL POR MAYOR Y AL POR MENOR; REPARACION DE VEHICULOS AUTOMOTORES Y MOTOCICLETAS, ACTIVIDADES INMOBILIARIAS, ACTIVIDADES FINANCIERAS Y DE SEGUROS",2022,348957600
COYHAIQUE,11.0,"COMERCIO AL POR MAYOR Y AL POR MENOR; REPARACION DE VEHICULOS AUTOMOTORES Y MOTOCICLETAS, CONSTRUCCION, TRANSPORTE Y ALMACENAMIENTO",2022,26134600
ANTOFAGASTA,2.0,"COMERCIO AL POR MAYOR Y AL POR MENOR; REPARACION DE VEHICULOS AUTOMOTORES Y MOTOCICLETAS, INDUSTRIA MANUFACTURERA, CONSTRUCCION",2022,318954400
VITACURA,13.0,"COMERCIO AL POR MAYOR Y AL POR MENOR; REPARACION DE VEHICULOS AUTOMOTORES Y MOTOCICLETAS, ACTIVIDADES FINANCIERAS Y DE SEGUROS, ACTIVIDADES INMOBILIARIAS",2022,848073400
VILLA ALEMANA,5.0,"COMERCIO AL POR MAYOR Y AL POR MENOR; REPARACION DE VEHICULOS AUTOMOTORES Y MOTOCICLETAS, INDUSTRIA MANUFACTURERA, CONSTRUCCION",2022,23565100
CONCEPCION,8.0,"COMERCIO AL POR MAYOR Y AL POR MENOR; REPARACION DE VEHICULOS AUTOMOTORES Y MOTOCICLETAS, CONSTRUCCION, ACTIVIDADES DE SERVICIOS ADMINISTRATIVOS Y DE APOYO",2022,332590400
MACUL,13.0,"COMERCIO AL POR MAYOR Y AL POR MENOR; REPARACION DE VEHICULOS AUTOMOTORES Y MOTOCICLETAS, INDUSTRIA MANUFACTURERA, ACTIVIDADES DE SERVICIOS ADMINISTRATIVOS Y DE APOYO",2022,160969900
LA REINA,13.0,"COMERCIO AL POR MAYOR Y AL POR MENOR; REPARACION DE VEHICULOS AUTOMOTORES Y MOTOCICLETAS, ACTIVIDADES FINANCIERAS Y DE SEGUROS, ACTIVIDADES PROFESIONALES, CIENTIFICAS Y TECNICAS",2022,117618800
SAN JAVIER,7.0,"COMERCIO AL POR MAYOR Y AL POR MENOR; REPARACION DE VEHICULOS AUTOMOTORES Y MOTOCICLETAS, INDUSTRIA MANUFACTURERA, AGRICULTURA, GANADERIA, SILVICULTURA Y PESCA",2022,21508100
PARRAL,7.0,"COMERCIO AL POR MAYOR Y AL POR MENOR; REPARACION DE VEHICULOS AUTOMOTORES Y MOTOCICLETAS, AGRICULTURA, GANADERIA, SILVICULTURA Y PESCA, SUMINISTRO DE ELECTRICIDAD, GAS, VAPOR Y AIRE ACONDICIONADO",2022,15397000
RETIRO,7.0,"COMERCIO AL POR MAYOR Y AL POR MENOR; REPARACION DE VEHICULOS AUTOMOTORES Y MOTOCICLETAS, AGRICULTURA, GANADERIA, SILVICULTURA Y PESCA, INDUSTRIA MANUFACTURERA",2022,4440900
RANCAGUA,6.0,"COMERCIO AL POR MAYOR Y AL POR MENOR; REPARACION DE VEHICULOS AUTOMOTORES Y MOTOCICLETAS, AGRICULTURA, GANADERIA, SILVICULTURA Y PESCA, INDUSTRIA MANUFACTURERA",2022,176454900
QUILLOTA,5.0,"COMERCIO AL POR MAYOR Y AL POR MENOR; REPARACION DE VEHICULOS AUTOMOTORES Y MOTOCICLETAS, AGRICULTURA, GANADERIA, SILVICULTURA Y PESCA, CONSTRUCCION",2022,55096600
ARICA,15.0,"COMERCIO AL POR MAYOR Y AL POR MENOR; REPARACION DE VEHICULOS AUTOMOTORES Y MOTOCICLETAS, INDUSTRIA MANUFACTURERA, TRANSPORTE Y ALMACENAMIENTO",2022,72462800
PANQUEHUE,5.0,"AGRICULTURA, GANADERIA, SILVICULTURA Y PESCA, INDUSTRIA MANUFACTURERA, COMERCIO AL POR MAYOR Y AL POR MENOR; REPARACION DE VEHICULOS AUTOMOTORES Y MOTOCICLETAS",2022,11362100
ILLAPEL,4.0,"COMERCIO AL POR MAYOR Y AL POR MENOR; REPARACION DE VEHICULOS AUTOMOTORES Y MOTOCICLETAS, TRANSPORTE Y ALMACENAMIENTO, EXPLOTACION DE MINAS Y CANTERAS",2022,7508300
SAN RAMON,13.0,"COMERCIO AL POR MAYOR Y AL POR MENOR; REPARACION DE VEHICULOS AUTOMOTORES Y MOTOCICLETAS, INDUSTRIA MANUFACTURERA, CONSTRUCCION",2022,11449000
PUERTO VARAS,10.0,"COMERCIO AL POR MAYOR Y AL POR MENOR; REPARACION DE VEHICULOS AUTOMOTORES Y MOTOCICLETAS, AGRICULTURA, GANADERIA, SILVICULTURA Y PESCA, INDUSTRIA MANUFACTURERA",2022,100398200
LO PRADO,13.0,"COMERCIO AL POR MAYOR Y AL POR MENOR; REPARACION DE VEHICULOS AUTOMOTORES Y MOTOCICLETAS, INDUSTRIA MANUFACTURERA, TRANSPORTE Y ALMACENAMIENTO",2022,9878800
CASTRO,10.0,"COMERCIO AL POR MAYOR Y AL POR MENOR; REPARACION DE VEHICULOS AUTOMOTORES Y MOTOCICLETAS, INDUSTRIA MANUFACTURERA, AGRICULTURA, GANADERIA, SILVICULTURA Y PESCA",2022,21311400
PUENTE ALTO,13.0,"COMERCIO AL POR MAYOR Y AL POR MENOR; REPARACION DE VEHICULOS AUTOMOTORES Y MOTOCICLETAS, INDUSTRIA MANUFACTURERA, CONSTRUCCION",2022,94111400
MELIPILLA,13.0,"COMERCIO AL POR MAYOR Y AL POR MENOR; REPARACION DE VEHICULOS AUTOMOTORES Y MOTOCICLETAS, AGRICULTURA, GANADERIA, SILVICULTURA Y PESCA, INDUSTRIA MANUFACTURERA",2022,94554800
CURICO,7.0,"COMERCIO AL POR MAYOR Y AL POR MENOR; REPARACION DE VEHICULOS AUTOMOTORES Y MOTOCICLETAS, AGRICULTURA, GANADERIA, SILVICULTURA Y PESCA, TRANSPORTE Y ALMACENAMIENTO",2022,139782400
SAN FERNANDO,6.0,"COMERCIO AL POR MAYOR Y AL POR MENOR; REPARACION DE VEHICULOS AUTOMOTORES Y MOTOCICLETAS, AGRICULTURA, GANADERIA, SILVICULTURA Y PESCA, INDUSTRIA MANUFACTURERA",2022,56911200
CERRO NAVIA,13.0,"COMERCIO AL POR MAYOR Y AL POR MENOR; REPARACION DE VEHICULOS AUTOMOTORES Y MOTOCICLETAS, INDUSTRIA MANUFACTURERA, CONSTRUCCION",2022,18482500
TALCAHUANO,8.0,"INDUSTRIA MANUFACTURERA, TRANSPORTE Y ALMACENAMIENTO, COMERCIO AL POR MAYOR Y AL POR MENOR; REPARACION DE VEHICULOS AUTOMOTORES Y MOTOCICLETAS",2022,107139700
SAN PEDRO DE LA PAZ,8.0,"COMERCIO AL POR MAYOR Y AL POR MENOR; REPARACION DE VEHICULOS AUTOMOTORES Y MOTOCICLETAS, CONSTRUCCION, INDUSTRIA MANUFACTURERA",2022,73962700
ANCUD,10.0,"COMERCIO AL POR MAYOR Y AL POR MENOR; REPARACION DE VEHICULOS AUTOMOTORES Y MOTOCICLETAS, AGRICULTURA, GANADERIA, SILVICULTURA Y PESCA, INDUSTRIA MANUFACTURERA",2022,17450300
PADRE LAS CASAS,9.0,"COMERCIO AL POR MAYOR Y AL POR MENOR; REPARACION DE VEHICULOS AUTOMOTORES Y MOTOCICLETAS, INDUSTRIA MANUFACTURERA, CONSTRUCCION",2022,29345100
CISNES,11.0,"AGRICULTURA, GANADERIA, SILVICULTURA Y PESCA, COMERCIO AL POR MAYOR Y AL POR MENOR; REPARACION DE VEHICULOS AUTOMOTORES Y MOTOCICLETAS, TRANSPORTE Y ALMACENAMIENTO",2022,1160700
OLMUE,5.0,"COMERCIO AL POR MAYOR Y AL POR MENOR; REPARACION DE VEHICULOS AUTOMOTORES Y MOTOCICLETAS, ACTIVIDADES DE ALOJAMIENTO Y DE SERVICIO DE COMIDAS, ACTIVIDADES FINANCIERAS Y DE SEGUROS",2022,6723400
RANQUIL,16.0,"AGRICULTURA, GANADERIA, SILVICULTURA Y PESCA, COMERCIO AL POR MAYOR Y AL POR MENOR; REPARACION DE VEHICULOS AUTOMOTORES Y MOTOCICLETAS, TRANSPORTE Y ALMACENAMIENTO",2022,5186400
SANTO DOMINGO,5.0,"ACTIVIDADES FINANCIERAS Y DE SEGUROS, ACTIVIDADES INMOBILIARIAS, ACTIVIDADES PROFESIONALES, CIENTIFICAS Y TECNICAS",2022,163389800
LOS ANDES,5.0,"COMERCIO AL POR MAYOR Y AL POR MENOR; REPARACION DE VEHICULOS AUTOMOTORES Y MOTOCICLETAS, TRANSPORTE Y ALMACENAMIENTO, INDUSTRIA MANUFACTURERA",2022,43810800
OSORNO,10.0,"COMERCIO AL POR MAYOR Y AL POR MENOR; REPARACION DE VEHICULOS AUTOMOTORES Y MOTOCICLETAS, AGRICULTURA, GANADERIA, SILVICULTURA Y PESCA, SUMINISTRO DE ELECTRICIDAD, GAS, VAPOR Y AIRE ACONDICIONADO",2022,172568400
LA GRANJA,13.0,"COMERCIO AL POR MAYOR Y AL POR MENOR; REPARACION DE VEHICULOS AUTOMOTORES Y MOTOCICLETAS, INDUSTRIA MANUFACTURERA, ACTIVIDADES PROFESIONALES, CIENTIFICAS Y TECNICAS",2022,24270100
YERBAS BUENAS,7.0,"INDUSTRIA MANUFACTURERA, COMERCIO AL POR MAYOR Y AL POR MENOR; REPARACION DE VEHICULOS AUTOMOTORES Y MOTOCICLETAS, AGRICULTURA, GANADERIA, SILVICULTURA Y PESCA",2022,3744600
MAIPU,13.0,"COMERCIO AL POR MAYOR Y AL POR MENOR; REPARACION DE VEHICULOS AUTOMOTORES Y MOTOCICLETAS, INDUSTRIA MANUFACTURERA, TRANSPORTE Y ALMACENAMIENTO",2022,232059200
QUILPUE,5.0,"COMERCIO AL POR MAYOR Y AL POR MENOR; REPARACION DE VEHICULOS AUTOMOTORES Y MOTOCICLETAS, INDUSTRIA MANUFACTURERA, CONSTRUCCION",2022,60362700
RENGO,6.0,"COMERCIO AL POR MAYOR Y AL POR MENOR; REPARACION DE VEHICULOS AUTOMOTORES Y MOTOCICLETAS, AGRICULTURA, GANADERIA, SILVICULTURA Y PESCA, INDUSTRIA MANUFACTURERA",2022,44160100
CALERA DE TANGO,13.0,"COMERCIO AL POR MAYOR Y AL POR MENOR; REPARACION DE VEHICULOS AUTOMOTORES Y MOTOCICLETAS, INDUSTRIA MANUFACTURERA, AGRICULTURA, GANADERIA, SILVICULTURA Y PESCA",2022,23329800
SAN MIGUEL,13.0,"COMERCIO AL POR MAYOR Y AL POR MENOR; REPARACION DE VEHICULOS AUTOMOTORES Y MOTOCICLETAS, INDUSTRIA MANUFACTURERA, CONSTRUCCION",2022,121956500
SAN FCO DE MOSTAZAL,6.0,"AGRICULTURA, GANADERIA, SILVICULTURA Y PESCA, INDUSTRIA MANUFACTURERA, ACTIVIDADES FINANCIERAS Y DE SEGUROS",2022,42746500
TEMUCO,9.0,"COMERCIO AL POR MAYOR Y AL POR MENOR; REPARACION DE VEHICULOS AUTOMOTORES Y MOTOCICLETAS, CONSTRUCCION, ACTIVIDADES INMOBILIARIAS",2022,224869100
SAN RAFAEL,7.0,"AGRICULTURA, GANADERIA, SILVICULTURA Y PESCA, COMERCIO AL POR MAYOR Y AL POR MENOR; REPARACION DE VEHICULOS AUTOMOTORES Y MOTOCICLETAS, CONSTRUCCION",2022,7091700
SAN IGNACIO,16.0,"COMERCIO AL POR MAYOR Y AL POR MENOR; REPARACION DE VEHICULOS AUTOMOTORES Y MOTOCICLETAS, AGRICULTURA, GANADERIA, SILVICULTURA Y PESCA, CONSTRUCCION",2022,2833300
COLINA,13.0,"COMERCIO AL POR MAYOR Y AL POR MENOR; REPARACION DE VEHICULOS AUTOMOTORES Y MOTOCICLETAS, INDUSTRIA MANUFACTURERA, ACTIVIDADES DE SERVICIOS ADMINISTRATIVOS Y DE APOYO",2022,211186200
PADRE HURTADO,13.0,"COMERCIO AL POR MAYOR Y AL POR MENOR; REPARACION DE VEHICULOS AUTOMOTORES Y MOTOCICLETAS, INDUSTRIA MANUFACTURERA, TRANSPORTE Y ALMACENAMIENTO",2022,30919500
PUCON,9.0,"COMERCIO AL POR MAYOR Y AL POR MENOR; REPARACION DE VEHICULOS AUTOMOTORES Y MOTOCICLETAS, ACTIVIDADES DE ALOJAMIENTO Y DE SERVICIO DE COMIDAS, ACTIVIDADES INMOBILIARIAS",2022,21062700
PENALOLEN,13.0,"COMERCIO AL POR MAYOR Y AL POR MENOR; REPARACION DE VEHICULOS AUTOMOTORES Y MOTOCICLETAS, ACTIVIDADES INMOBILIARIAS, INDUSTRIA MANUFACTURERA",2022,70547500
MACHALI,6.0,"COMERCIO AL POR MAYOR Y AL POR MENOR; REPARACION DE VEHICULOS AUTOMOTORES Y MOTOCICLETAS, ACTIVIDADES DE SERVICIOS ADMINISTRATIVOS Y DE APOYO, CONSTRUCCION",2022,23031600
TOME,8.0,"COMERCIO AL POR MAYOR Y AL POR MENOR; REPARACION DE VEHICULOS AUTOMOTORES Y MOTOCICLETAS, ACTIVIDADES INMOBILIARIAS, AGRICULTURA, GANADERIA, SILVICULTURA Y PESCA",2022,9987000
CHIGUAYANTE,8.0,"COMERCIO AL POR MAYOR Y AL POR MENOR; REPARACION DE VEHICULOS AUTOMOTORES Y MOTOCICLETAS, ACTIVIDADES FINANCIERAS Y DE SEGUROS, INDUSTRIA MANUFACTURERA",2022,26446600
LA PINTANA,13.0,"COMERCIO AL POR MAYOR Y AL POR MENOR; REPARACION DE VEHICULOS AUTOMOTORES Y MOTOCICLETAS, INDUSTRIA MANUFACTURERA, CONSTRUCCION",2022,51203400
PAINE,13.0,"INDUSTRIA MANUFACTURERA, COMERCIO AL POR MAYOR Y AL POR MENOR; REPARACION DE VEHICULOS AUTOMOTORES Y MOTOCICLETAS, AGRICULTURA, GANADERIA, SILVICULTURA Y PESCA",2022,85708300
PENCO,8.0,"INDUSTRIA MANUFACTURERA, COMERCIO AL POR MAYOR Y AL POR MENOR; REPARACION DE VEHICULOS AUTOMOTORES Y MOTOCICLETAS, TRANSPORTE Y ALMACENAMIENTO",2022,21023400
SAN FELIPE,5.0,"COMERCIO AL POR MAYOR Y AL POR MENOR; REPARACION DE VEHICULOS AUTOMOTORES Y MOTOCICLETAS, AGRICULTURA, GANADERIA, SILVICULTURA Y PESCA, INDUSTRIA MANUFACTURERA",2022,43671200
PUTAENDO,5.0,"AGRICULTURA, GANADERIA, SILVICULTURA Y PESCA, COMERCIO AL POR MAYOR Y AL POR MENOR; REPARACION DE VEHICULOS AUTOMOTORES Y MOTOCICLETAS, CONSTRUCCION",2022,2384400
SAGRADA FAMILIA,7.0,"ACTIVIDADES FINANCIERAS Y DE SEGUROS, AGRICULTURA, GANADERIA, SILVICULTURA Y PESCA, COMERCIO AL POR MAYOR Y AL POR MENOR; REPARACION DE VEHICULOS AUTOMOTORES Y MOTOCICLETAS",2022,35263600
QUINTERO,5.0,"INDUSTRIA MANUFACTURERA, CONSTRUCCION, ACTIVIDADES FINANCIERAS Y DE SEGUROS",2022,17359400
CALAMA,2.0,"COMERCIO AL POR MAYOR Y AL POR MENOR; REPARACION DE VEHICULOS AUTOMOTORES Y MOTOCICLETAS, TRANSPORTE Y ALMACENAMIENTO, INDUSTRIA MANUFACTURERA",2022,73682600
LA FLORIDA,13.0,"COMERCIO AL POR MAYOR Y AL POR MENOR; REPARACION DE VEHICULOS AUTOMOTORES Y MOTOCICLETAS, ACTIVIDADES FINANCIERAS Y DE SEGUROS, CONSTRUCCION",2022,179786400
LIMACHE,5.0,"COMERCIO AL POR MAYOR Y AL POR MENOR; REPARACION DE VEHICULOS AUTOMOTORES Y MOTOCICLETAS, CONSTRUCCION, TRANSPORTE Y ALMACENAMIENTO",2022,19021800
QUILICURA,13.0,"COMERCIO AL POR MAYOR Y AL POR MENOR; REPARACION DE VEHICULOS AUTOMOTORES Y MOTOCICLETAS, INDUSTRIA MANUFACTURERA, TRANSPORTE Y ALMACENAMIENTO",2022,602955000
VALLENAR,3.0,"COMERCIO AL POR MAYOR Y AL POR MENOR; REPARACION DE VEHICULOS AUTOMOTORES Y MOTOCICLETAS, CONSTRUCCION, EXPLOTACION DE MINAS Y CANTERAS",2022,18832200
VALDIVIA,14.0,"COMERCIO AL POR MAYOR Y AL POR MENOR; REPARACION DE VEHICULOS AUTOMOTORES Y MOTOCICLETAS, INDUSTRIA MANUFACTURERA, AGRICULTURA, GANADERIA, SILVICULTURA Y PESCA",2022,88820600
ISLA DE MAIPO,13.0,"INDUSTRIA MANUFACTURERA, AGRICULTURA, GANADERIA, SILVICULTURA Y PESCA, COMERCIO AL POR MAYOR Y AL POR MENOR; REPARACION DE VEHICULOS AUTOMOTORES Y MOTOCICLETAS",2022,20330600
RENAICO,9.0,"AGRICULTURA, GANADERIA, SILVICULTURA Y PESCA, TRANSPORTE Y ALMACENAMIENTO, COMERCIO AL POR MAYOR Y AL POR MENOR; REPARACION DE VEHICULOS AUTOMOTORES Y MOTOCICLETAS",2022,1402600
RENCA,13.0,"COMERCIO AL POR MAYOR Y AL POR MENOR; REPARACION DE VEHICULOS AUTOMOTORES Y MOTOCICLETAS, INDUSTRIA MANUFACTURERA, TRANSPORTE Y ALMACENAMIENTO",2022,211291300
COQUIMBO,4.0,"COMERCIO AL POR MAYOR Y AL POR MENOR; REPARACION DE VEHICULOS AUTOMOTORES Y MOTOCICLETAS, INDUSTRIA MANUFACTURERA, CONSTRUCCION",2022,102331400
SAN NICOLAS,16.0,"AGRICULTURA, GANADERIA, SILVICULTURA Y PESCA, COMERCIO AL POR MAYOR Y AL POR MENOR; REPARACION DE VEHICULOS AUTOMOTORES Y MOTOCICLETAS, INDUSTRIA MANUFACTURERA",2022,3114300
SAN VICENTE T-T,6.0,"COMERCIO AL POR MAYOR Y AL POR MENOR; REPARACION DE VEHICULOS AUTOMOTORES Y MOTOCICLETAS, AGRICULTURA, GANADERIA, SILVICULTURA Y PESCA, INDUSTRIA MANUFACTURERA",2022,23370800
ALTO HOSPICIO,1.0,"COMERCIO AL POR MAYOR Y AL POR MENOR; REPARACION DE VEHICULOS AUTOMOTORES Y MOTOCICLETAS, TRANSPORTE Y ALMACENAMIENTO, CONSTRUCCION",2022,49064100
NIQUEN,16.0,"AGRICULTURA, GANADERIA, SILVICULTURA Y PESCA, COMERCIO AL POR MAYOR Y AL POR MENOR; REPARACION DE VEHICULOS AUTOMOTORES Y MOTOCICLETAS, CONSTRUCCION",2022,793300
SAN ANTONIO,5.0,"TRANSPORTE Y ALMACENAMIENTO, COMERCIO AL POR MAYOR Y AL POR MENOR; REPARACION DE VEHICULOS AUTOMOTORES Y MOTOCICLETAS, INDUSTRIA MANUFACTURERA",2022,58440200
SAN JOSE MAIPO,13.0,"ACTIVIDADES FINANCIERAS Y DE SEGUROS, ACTIVIDADES DE ALOJAMIENTO Y DE SERVICIO DE COMIDAS, COMERCIO AL POR MAYOR Y AL POR MENOR; REPARACION DE VEHICULOS AUTOMOTORES Y MOTOCICLETAS",2022,8010300
HUECHURABA,13.0,"COMERCIO AL POR MAYOR Y AL POR MENOR; REPARACION DE VEHICULOS AUTOMOTORES Y MOTOCICLETAS, CONSTRUCCION, ACTIVIDADES DE SERVICIOS ADMINISTRATIVOS Y DE APOYO",2022,572215200
HUALPEN,8.0,"COMERCIO AL POR MAYOR Y AL POR MENOR; REPARACION DE VEHICULOS AUTOMOTORES Y MOTOCICLETAS, INDUSTRIA MANUFACTURERA, CONSTRUCCION",2022,33291400
JUAN FERNANDEZ,5.0,"COMERCIO AL POR MAYOR Y AL POR MENOR; REPARACION DE VEHICULOS AUTOMOTORES Y MOTOCICLETAS, TRANSPORTE Y ALMACENAMIENTO, AGRICULTURA, GANADERIA, SILVICULTURA Y PESCA",2022,70800
EL BOSQUE,13.0,"ACTIVIDADES DE SERVICIOS ADMINISTRATIVOS Y DE APOYO, COMERCIO AL POR MAYOR Y AL POR MENOR; REPARACION DE VEHICULOS AUTOMOTORES Y MOTOCICLETAS, INDUSTRIA MANUFACTURERA",2022,33480300
CABILDO,5.0,"EXPLOTACION DE MINAS Y CANTERAS, COMERCIO AL POR MAYOR Y AL POR MENOR; REPARACION DE VEHICULOS AUTOMOTORES Y MOTOCICLETAS, AGRICULTURA, GANADERIA, SILVICULTURA Y PESCA",2022,9131500
CON CON,5.0,"COMERCIO AL POR MAYOR Y AL POR MENOR; REPARACION DE VEHICULOS AUTOMOTORES Y MOTOCICLETAS, CONSTRUCCION, INDUSTRIA MANUFACTURERA",2022,43791100
CONSTITUCION,7.0,"INDUSTRIA MANUFACTURERA, COMERCIO AL POR MAYOR Y AL POR MENOR; REPARACION DE VEHICULOS AUTOMOTORES Y MOTOCICLETAS, AGRICULTURA, GANADERIA, SILVICULTURA Y PESCA",2022,38463500
SAN CARLOS,16.0,"COMERCIO AL POR MAYOR Y AL POR MENOR; REPARACION DE VEHICULOS AUTOMOTORES Y MOTOCICLETAS, INDUSTRIA MANUFACTURERA, AGRICULTURA, GANADERIA, SILVICULTURA Y PESCA",2022,14513300
CATEMU,5.0,"COMERCIO AL POR MAYOR Y AL POR MENOR; REPARACION DE VEHICULOS AUTOMOTORES Y MOTOCICLETAS, EXPLOTACION DE MINAS Y CANTERAS, ACTIVIDADES INMOBILIARIAS",2022,7267000
NUEVA IMPERIAL,9.0,"COMERCIO AL POR MAYOR Y AL POR MENOR; REPARACION DE VEHICULOS AUTOMOTORES Y MOTOCICLETAS, CONSTRUCCION, AGRICULTURA, GANADERIA, SILVICULTURA Y PESCA",2022,7168100
CHILLAN VIEJO,16.0,"COMERCIO AL POR MAYOR Y AL POR MENOR; REPARACION DE VEHICULOS AUTOMOTORES Y MOTOCICLETAS, TRANSPORTE Y ALMACENAMIENTO, INDUSTRIA MANUFACTURERA",2022,15856400
ARAUCO,8.0,"COMERCIO AL POR MAYOR Y AL POR MENOR; REPARACION DE VEHICULOS AUTOMOTORES Y MOTOCICLETAS, AGRICULTURA, GANADERIA, SILVICULTURA Y PESCA, INDUSTRIA MANUFACTURERA",2022,14312600
BUIN,13.0,"COMERCIO AL POR MAYOR Y AL POR MENOR; REPARACION DE VEHICULOS AUTOMOTORES Y MOTOCICLETAS, INDUSTRIA MANUFACTURERA, AGRICULTURA, GANADERIA, SILVICULTURA Y PESCA",2022,66136700
P AGUIRRE CERDA,13.0,"COMERCIO AL POR MAYOR Y AL POR MENOR; REPARACION DE VEHICULOS AUTOMOTORES Y MOTOCICLETAS, INDUSTRIA MANUFACTURERA, CONSTRUCCION",2022,51860200
HUALANE,7.0,"AGRICULTURA, GANADERIA, SILVICULTURA Y PESCA, COMERCIO AL POR MAYOR Y AL POR MENOR; REPARACION DE VEHICULOS AUTOMOTORES Y MOTOCICLETAS, ACTIVIDADES FINANCIERAS Y DE SEGUROS",2022,2121100
LA CRUZ,5.0,"AGRICULTURA, GANADERIA, SILVICULTURA Y PESCA, COMERCIO AL POR MAYOR Y AL POR MENOR; REPARACION DE VEHICULOS AUTOMOTORES Y MOTOCICLETAS, CONSTRUCCION",2022,12389300
NANCAGUA,6.0,"AGRICULTURA, GANADERIA, SILVICULTURA Y PESCA, ACTIVIDADES FINANCIERAS Y DE SEGUROS, COMERCIO AL POR MAYOR Y AL POR MENOR; REPARACION DE VEHICULOS AUTOMOTORES Y MOTOCICLETAS",2022,10494500
RIO NEGRO,10.0,"AGRICULTURA, GANADERIA, SILVICULTURA Y PESCA, INDUSTRIA MANUFACTURERA, COMERCIO AL POR MAYOR Y AL POR MENOR; REPARACION DE VEHICULOS AUTOMOTORES Y MOTOCICLETAS",2022,5394000
PUERTO NATALES,12.0,"COMERCIO AL POR MAYOR Y AL POR MENOR; REPARACION DE VEHICULOS AUTOMOTORES Y MOTOCICLETAS, AGRICULTURA, GANADERIA, SILVICULTURA Y PESCA, ACTIVIDADES DE ALOJAMIENTO Y DE SERVICIO DE COMIDAS",2022,17764000
CUNCO,9.0,"ACTIVIDADES FINANCIERAS Y DE SEGUROS, AGRICULTURA, GANADERIA, SILVICULTURA Y PESCA, COMERCIO AL POR MAYOR Y AL POR MENOR; REPARACION DE VEHICULOS AUTOMOTORES Y MOTOCICLETAS",2022,7355500
GRANEROS,6.0,"COMERCIO AL POR MAYOR Y AL POR MENOR; REPARACION DE VEHICULOS AUTOMOTORES Y MOTOCICLETAS, AGRICULTURA, GANADERIA, SILVICULTURA Y PESCA, INDUSTRIA MANUFACTURERA",2022,21904000
REQUINOA,6.0,"AGRICULTURA, GANADERIA, SILVICULTURA Y PESCA, COMERCIO AL POR MAYOR Y AL POR MENOR; REPARACION DE VEHICULOS AUTOMOTORES Y MOTOCICLETAS, INDUSTRIA MANUFACTURERA",2022,42570400
VILLA ALEGRE,7.0,"INDUSTRIA MANUFACTURERA, AGRICULTURA, GANADERIA, SILVICULTURA Y PESCA, COMERCIO AL POR MAYOR Y AL POR MENOR; REPARACION DE VEHICULOS AUTOMOTORES Y MOTOCICLETAS",2022,4540400
PURRANQUE,10.0,"AGRICULTURA, GANADERIA, SILVICULTURA Y PESCA, INDUSTRIA MANUFACTURERA, COMERCIO AL POR MAYOR Y AL POR MENOR; REPARACION DE VEHICULOS AUTOMOTORES Y MOTOCICLETAS",2022,13268600
EST CENTRAL,13.0,"COMERCIO AL POR MAYOR Y AL POR MENOR; REPARACION DE VEHICULOS AUTOMOTORES Y MOTOCICLETAS, TRANSPORTE Y ALMACENAMIENTO, INDUSTRIA MANUFACTURERA",2022,153926900
PORVENIR,12.0,"INDUSTRIA MANUFACTURERA, AGRICULTURA, GANADERIA, SILVICULTURA Y PESCA, COMERCIO AL POR MAYOR Y AL POR MENOR; REPARACION DE VEHICULOS AUTOMOTORES Y MOTOCICLETAS",2022,13998300
CURACAUTIN,9.0,"COMERCIO AL POR MAYOR Y AL POR MENOR; REPARACION DE VEHICULOS AUTOMOTORES Y MOTOCICLETAS, AGRICULTURA, GANADERIA, SILVICULTURA Y PESCA, ACTIVIDADES DE ALOJAMIENTO Y DE SERVICIO DE COMIDAS",2022,4050600
CHAITEN,10.0,"COMERCIO AL POR MAYOR Y AL POR MENOR; REPARACION DE VEHICULOS AUTOMOTORES Y MOTOCICLETAS, AGRICULTURA, GANADERIA, SILVICULTURA Y PESCA, ACTIVIDADES DE ALOJAMIENTO Y DE SERVICIO DE COMIDAS",2022,659200
CODEGUA,6.0,"COMERCIO AL POR MAYOR Y AL POR MENOR; REPARACION DE VEHICULOS AUTOMOTORES Y MOTOCICLETAS, ACTIVIDADES FINANCIERAS Y DE SEGUROS, AGRICULTURA, GANADERIA, SILVICULTURA Y PESCA",2022,10456100
PUYEHUE,10.0,"AGRICULTURA, GANADERIA, SILVICULTURA Y PESCA, CONSTRUCCION, ACTIVIDADES DE ALOJAMIENTO Y DE SERVICIO DE COMIDAS",2022,7656600
LAGO RANCO,14.0,"ACTIVIDADES FINANCIERAS Y DE SEGUROS, AGRICULTURA, GANADERIA, SILVICULTURA Y PESCA, COMERCIO AL POR MAYOR Y AL POR MENOR; REPARACION DE VEHICULOS AUTOMOTORES Y MOTOCICLETAS",2022,2836600
QUILLECO,8.0,"AGRICULTURA, GANADERIA, SILVICULTURA Y PESCA, COMERCIO AL POR MAYOR Y AL POR MENOR; REPARACION DE VEHICULOS AUTOMOTORES Y MOTOCICLETAS, SUMINISTRO DE ELECTRICIDAD, GAS, VAPOR Y AIRE ACONDICIONADO",2022,1554100
PUDAHUEL,13.0,"COMERCIO AL POR MAYOR Y AL POR MENOR; REPARACION DE VEHICULOS AUTOMOTORES Y MOTOCICLETAS, INDUSTRIA MANUFACTURERA, TRANSPORTE Y ALMACENAMIENTO",2022,415188000
FUTALEUFU,10.0,"ACTIVIDADES FINANCIERAS Y DE SEGUROS, COMERCIO AL POR MAYOR Y AL POR MENOR; REPARACION DE VEHICULOS AUTOMOTORES Y MOTOCICLETAS, AGRICULTURA, GANADERIA, SILVICULTURA Y PESCA",2022,1406800
LINARES,7.0,"COMERCIO AL POR MAYOR Y AL POR MENOR; REPARACION DE VEHICULOS AUTOMOTORES Y MOTOCICLETAS, TRANSPORTE Y ALMACENAMIENTO, AGRICULTURA, GANADERIA, SILVICULTURA Y PESCA",2022,50009200
SAN ESTEBAN,5.0,"COMERCIO AL POR MAYOR Y AL POR MENOR; REPARACION DE VEHICULOS AUTOMOTORES Y MOTOCICLETAS, INDUSTRIA MANUFACTURERA, AGRICULTURA, GANADERIA, SILVICULTURA Y PESCA",2022,8532300
COBQUECURA,16.0,"COMERCIO AL POR MAYOR Y AL POR MENOR; REPARACION DE VEHICULOS AUTOMOTORES Y MOTOCICLETAS, ACTIVIDADES DE ALOJAMIENTO Y DE SERVICIO DE COMIDAS, AGRICULTURA, GANADERIA, SILVICULTURA Y PESCA",2022,298000
CASABLANCA,5.0,"ACTIVIDADES FINANCIERAS Y DE SEGUROS, INDUSTRIA MANUFACTURERA, ACTIVIDADES INMOBILIARIAS",2022,93474700
MULCHEN,8.0,"COMERCIO AL POR MAYOR Y AL POR MENOR; REPARACION DE VEHICULOS AUTOMOTORES Y MOTOCICLETAS, AGRICULTURA, GANADERIA, SILVICULTURA Y PESCA, TRANSPORTE Y ALMACENAMIENTO",2022,6148300
CAUQUENES,7.0,"AGRICULTURA, GANADERIA, SILVICULTURA Y PESCA, COMERCIO AL POR MAYOR Y AL POR MENOR; REPARACION DE VEHICULOS AUTOMOTORES Y MOTOCICLETAS, INDUSTRIA MANUFACTURERA",2022,7855800
PUERTO OCTAY,10.0,"AGRICULTURA, GANADERIA, SILVICULTURA Y PESCA, ACTIVIDADES INMOBILIARIAS, INDUSTRIA MANUFACTURERA",2022,9638100
DALCAHUE,10.0,"COMERCIO AL POR MAYOR Y AL POR MENOR; REPARACION DE VEHICULOS AUTOMOTORES Y MOTOCICLETAS, AGRICULTURA, GANADERIA, SILVICULTURA Y PESCA, TRANSPORTE Y ALMACENAMIENTO",2022,7852700
SAN PEDRO DE MELIPILLA,13.0,"INDUSTRIA MANUFACTURERA, AGRICULTURA, GANADERIA, SILVICULTURA Y PESCA, COMERCIO AL POR MAYOR Y AL POR MENOR; REPARACION DE VEHICULOS AUTOMOTORES Y MOTOCICLETAS",2022,7159300
EL QUISCO,5.0,"COMERCIO AL POR MAYOR Y AL POR MENOR; REPARACION DE VEHICULOS AUTOMOTORES Y MOTOCICLETAS, ACTIVIDADES DE ALOJAMIENTO Y DE SERVICIO DE COMIDAS, CONSTRUCCION",2022,3263800
CHANARAL,3.0,"CONSTRUCCION, ACTIVIDADES DE SERVICIOS ADMINISTRATIVOS Y DE APOYO, TRANSPORTE Y ALMACENAMIENTO",2022,4959200
CORONEL,8.0,"INDUSTRIA MANUFACTURERA, COMERCIO AL POR MAYOR Y AL POR MENOR; REPARACION DE VEHICULOS AUTOMOTORES Y MOTOCICLETAS, AGRICULTURA, GANADERIA, SILVICULTURA Y PESCA",2022,71355000
PUCHUNCAVI,5.0,"COMERCIO AL POR MAYOR Y AL POR MENOR; REPARACION DE VEHICULOS AUTOMOTORES Y MOTOCICLETAS, TRANSPORTE Y ALMACENAMIENTO, ACTIVIDADES DE ALOJAMIENTO Y DE SERVICIO DE COMIDAS",2022,7048200
VICTORIA,9.0,"COMERCIO AL POR MAYOR Y AL POR MENOR; REPARACION DE VEHICULOS AUTOMOTORES Y MOTOCICLETAS, AGRICULTURA, GANADERIA, SILVICULTURA Y PESCA, TRANSPORTE Y ALMACENAMIENTO",2022,11078800
LLANQUIHUE,10.0,"INDUSTRIA MANUFACTURERA, TRANSPORTE Y ALMACENAMIENTO, COMERCIO AL POR MAYOR Y AL POR MENOR; REPARACION DE VEHICULOS AUTOMOTORES Y MOTOCICLETAS",2022,12742500
LAJA,8.0,"COMERCIO AL POR MAYOR Y AL POR MENOR; REPARACION DE VEHICULOS AUTOMOTORES Y MOTOCICLETAS, INDUSTRIA MANUFACTURERA, ACTIVIDADES PROFESIONALES, CIENTIFICAS Y TECNICAS",2022,6354900
MOLINA,7.0,"COMERCIO AL POR MAYOR Y AL POR MENOR; REPARACION DE VEHICULOS AUTOMOTORES Y MOTOCICLETAS, AGRICULTURA, GANADERIA, SILVICULTURA Y PESCA, INDUSTRIA MANUFACTURERA",2022,21964600
GALVARINO,9.0,"AGRICULTURA, GANADERIA, SILVICULTURA Y PESCA, COMERCIO AL POR MAYOR Y AL POR MENOR; REPARACION DE VEHICULOS AUTOMOTORES Y MOTOCICLETAS, TRANSPORTE Y ALMACENAMIENTO",2022,1688800
LOS VILOS,4.0,"COMERCIO AL POR MAYOR Y AL POR MENOR; REPARACION DE VEHICULOS AUTOMOTORES Y MOTOCICLETAS, CONSTRUCCION, ACTIVIDADES DE ALOJAMIENTO Y DE SERVICIO DE COMIDAS",2022,6540700
MALLOA,6.0,"COMERCIO AL POR MAYOR Y AL POR MENOR; REPARACION DE VEHICULOS AUTOMOTORES Y MOTOCICLETAS, AGRICULTURA, GANADERIA, SILVICULTURA Y PESCA, ACTIVIDADES FINANCIERAS Y DE SEGUROS",2022,5774300
LO ESPEJO,13.0,"COMERCIO AL POR MAYOR Y AL POR MENOR; REPARACION DE VEHICULOS AUTOMOTORES Y MOTOCICLETAS, INDUSTRIA MANUFACTURERA, TRANSPORTE Y ALMACENAMIENTO",2022,34062700
COLBUN,7.0,"COMERCIO AL POR MAYOR Y AL POR MENOR; REPARACION DE VEHICULOS AUTOMOTORES Y MOTOCICLETAS, AGRICULTURA, GANADERIA, SILVICULTURA Y PESCA, ACTIVIDADES DE ALOJAMIENTO Y DE SERVICIO DE COMIDAS",2022,2938200
RAUCO,7.0,"AGRICULTURA, GANADERIA, SILVICULTURA Y PESCA, TRANSPORTE Y ALMACENAMIENTO, COMERCIO AL POR MAYOR Y AL POR MENOR; REPARACION DE VEHICULOS AUTOMOTORES Y MOTOCICLETAS",2022,5508100
VILCUN,9.0,"COMERCIO AL POR MAYOR Y AL POR MENOR; REPARACION DE VEHICULOS AUTOMOTORES Y MOTOCICLETAS, AGRICULTURA, GANADERIA, SILVICULTURA Y PESCA, TRANSPORTE Y ALMACENAMIENTO",2022,13601800
LLAY-LLAY,5.0,"AGRICULTURA, GANADERIA, SILVICULTURA Y PESCA, COMERCIO AL POR MAYOR Y AL POR MENOR; REPARACION DE VEHICULOS AUTOMOTORES Y MOTOCICLETAS, CONSTRUCCION",2022,10421600
LA CALERA,5.0,"COMERCIO AL POR MAYOR Y AL POR MENOR; REPARACION DE VEHICULOS AUTOMOTORES Y MOTOCICLETAS, INDUSTRIA MANUFACTURERA, TRANSPORTE Y ALMACENAMIENTO",2022,26283200
MAULE,7.0,"COMERCIO AL POR MAYOR Y AL POR MENOR; REPARACION DE VEHICULOS AUTOMOTORES Y MOTOCICLETAS, INDUSTRIA MANUFACTURERA, AGRICULTURA, GANADERIA, SILVICULTURA Y PESCA",2022,28539600
CALDERA,3.0,"COMERCIO AL POR MAYOR Y AL POR MENOR; REPARACION DE VEHICULOS AUTOMOTORES Y MOTOCICLETAS, INDUSTRIA MANUFACTURERA, ACTIVIDADES DE SERVICIOS ADMINISTRATIVOS Y DE APOYO",2022,7917100
CONCHALI,13.0,"COMERCIO AL POR MAYOR Y AL POR MENOR; REPARACION DE VEHICULOS AUTOMOTORES Y MOTOCICLETAS, INDUSTRIA MANUFACTURERA, CONSTRUCCION",2022,121853300
PICHILEMU,6.0,"COMERCIO AL POR MAYOR Y AL POR MENOR; REPARACION DE VEHICULOS AUTOMOTORES Y MOTOCICLETAS, ACTIVIDADES DE ALOJAMIENTO Y DE SERVICIO DE COMIDAS, AGRICULTURA, GANADERIA, SILVICULTURA Y PESCA",2022,4997200
DIEGO DE ALMAGRO,3.0,"CONSTRUCCION, ACTIVIDADES DE SERVICIOS ADMINISTRATIVOS Y DE APOYO, ACTIVIDADES DE ATENCION DE LA SALUD HUMANA Y DE ASISTENCIA SOCIAL",2022,5746600
MARIQUINA,14.0,"AGRICULTURA, GANADERIA, SILVICULTURA Y PESCA, COMERCIO AL POR MAYOR Y AL POR MENOR; REPARACION DE VEHICULOS AUTOMOTORES Y MOTOCICLETAS, INDUSTRIA MANUFACTURERA",2022,7357600
SAN CLEMENTE,7.0,"AGRICULTURA, GANADERIA, SILVICULTURA Y PESCA, COMERCIO AL POR MAYOR Y AL POR MENOR; REPARACION DE VEHICULOS AUTOMOTORES Y MOTOCICLETAS, INDUSTRIA MANUFACTURERA",2022,10377700
CONTULMO,8.0,"COMERCIO AL POR MAYOR Y AL POR MENOR; REPARACION DE VEHICULOS AUTOMOTORES Y MOTOCICLETAS, TRANSPORTE Y ALMACENAMIENTO, AGRICULTURA, GANADERIA, SILVICULTURA Y PESCA",2022,1259600
TENO,7.0,"COMERCIO AL POR MAYOR Y AL POR MENOR; REPARACION DE VEHICULOS AUTOMOTORES Y MOTOCICLETAS, AGRICULTURA, GANADERIA, SILVICULTURA Y PESCA, INDUSTRIA MANUFACTURERA",2022,26983100
LONQUIMAY,9.0,"COMERCIO AL POR MAYOR Y AL POR MENOR; REPARACION DE VEHICULOS AUTOMOTORES Y MOTOCICLETAS, AGRICULTURA, GANADERIA, SILVICULTURA Y PESCA, ACTIVIDADES DE ALOJAMIENTO Y DE SERVICIO DE COMIDAS",2022,572700
COELEMU,16.0,"COMERCIO AL POR MAYOR Y AL POR MENOR; REPARACION DE VEHICULOS AUTOMOTORES Y MOTOCICLETAS, AGRICULTURA, GANADERIA, SILVICULTURA Y PESCA, INDUSTRIA MANUFACTURERA",2022,8211800
PANGUIPULLI,14.0,"ACTIVIDADES FINANCIERAS Y DE SEGUROS, COMERCIO AL POR MAYOR Y AL POR MENOR; REPARACION DE VEHICULOS AUTOMOTORES Y MOTOCICLETAS, TRANSPORTE Y ALMACENAMIENTO",2022,20969200
EL MONTE,13.0,"ACTIVIDADES FINANCIERAS Y DE SEGUROS, COMERCIO AL POR MAYOR Y AL POR MENOR; REPARACION DE VEHICULOS AUTOMOTORES Y MOTOCICLETAS, AGRICULTURA, GANADERIA, SILVICULTURA Y PESCA",2022,13004900
CANETE,8.0,"COMERCIO AL POR MAYOR Y AL POR MENOR; REPARACION DE VEHICULOS AUTOMOTORES Y MOTOCICLETAS, AGRICULTURA, GANADERIA, SILVICULTURA Y PESCA, TRANSPORTE Y ALMACENAMIENTO",2022,8998500
CHEPICA,6.0,"AGRICULTURA, GANADERIA, SILVICULTURA Y PESCA, COMERCIO AL POR MAYOR Y AL POR MENOR; REPARACION DE VEHICULOS AUTOMOTORES Y MOTOCICLETAS, ACTIVIDADES INMOBILIARIAS",2022,5023500
RIO BUENO,14.0,"AGRICULTURA, GANADERIA, SILVICULTURA Y PESCA, COMERCIO AL POR MAYOR Y AL POR MENOR; REPARACION DE VEHICULOS AUTOMOTORES Y MOTOCICLETAS, EXPLOTACION DE MINAS Y CANTERAS",2022,10001000
PICHIDEGUA,6.0,"ACTIVIDADES FINANCIERAS Y DE SEGUROS, AGRICULTURA, GANADERIA, SILVICULTURA Y PESCA, COMERCIO AL POR MAYOR Y AL POR MENOR; REPARACION DE VEHICULOS AUTOMOTORES Y MOTOCICLETAS",2022,13940700
BULNES,16.0,"INDUSTRIA MANUFACTURERA, AGRICULTURA, GANADERIA, SILVICULTURA Y PESCA, COMERCIO AL POR MAYOR Y AL POR MENOR; REPARACION DE VEHICULOS AUTOMOTORES Y MOTOCICLETAS",2022,13809200
COLLIPULLI,9.0,"AGRICULTURA, GANADERIA, SILVICULTURA Y PESCA, SUMINISTRO DE ELECTRICIDAD, GAS, VAPOR Y AIRE ACONDICIONADO, INDUSTRIA MANUFACTURERA",2022,9510300
QUIRIHUE,16.0,"COMERCIO AL POR MAYOR Y AL POR MENOR; REPARACION DE VEHICULOS AUTOMOTORES Y MOTOCICLETAS, CONSTRUCCION, AGRICULTURA, GANADERIA, SILVICULTURA Y PESCA",2022,2734000
RIO IBANEZ,11.0,"AGRICULTURA, GANADERIA, SILVICULTURA Y PESCA, COMERCIO AL POR MAYOR Y AL POR MENOR; REPARACION DE VEHICULOS AUTOMOTORES Y MOTOCICLETAS, ACTIVIDADES DE SERVICIOS ADMINISTRATIVOS Y DE APOYO",2022,852500
NACIMIENTO,8.0,"AGRICULTURA, GANADERIA, SILVICULTURA Y PESCA, COMERCIO AL POR MAYOR Y AL POR MENOR; REPARACION DE VEHICULOS AUTOMOTORES Y MOTOCICLETAS, TRANSPORTE Y ALMACENAMIENTO",2022,9511800
PENAFLOR,13.0,"INDUSTRIA MANUFACTURERA, COMERCIO AL POR MAYOR Y AL POR MENOR; REPARACION DE VEHICULOS AUTOMOTORES Y MOTOCICLETAS, CONSTRUCCION",2022,39428900
PELLUHUE,7.0,"COMERCIO AL POR MAYOR Y AL POR MENOR; REPARACION DE VEHICULOS AUTOMOTORES Y MOTOCICLETAS, ACTIVIDADES FINANCIERAS Y DE SEGUROS, ACTIVIDADES DE ALOJAMIENTO Y DE SERVICIO DE COMIDAS",2022,3784600
PLACILLA,6.0,"COMERCIO AL POR MAYOR Y AL POR MENOR; REPARACION DE VEHICULOS AUTOMOTORES Y MOTOCICLETAS, AGRICULTURA, GANADERIA, SILVICULTURA Y PESCA, INDUSTRIA MANUFACTURERA",2022,7035900
QUINTA TILCOCO,6.0,"AGRICULTURA, GANADERIA, SILVICULTURA Y PESCA, COMERCIO AL POR MAYOR Y AL POR MENOR; REPARACION DE VEHICULOS AUTOMOTORES Y MOTOCICLETAS, INDUSTRIA MANUFACTURERA",2022,4387300
OLIVAR,6.0,"COMERCIO AL POR MAYOR Y AL POR MENOR; REPARACION DE VEHICULOS AUTOMOTORES Y MOTOCICLETAS, INDUSTRIA MANUFACTURERA, AGRICULTURA, GANADERIA, SILVICULTURA Y PESCA",2022,27328900
COLTAUCO,6.0,"AGRICULTURA, GANADERIA, SILVICULTURA Y PESCA, COMERCIO AL POR MAYOR Y AL POR MENOR; REPARACION DE VEHICULOS AUTOMOTORES Y MOTOCICLETAS, TRANSPORTE Y ALMACENAMIENTO",2022,13058700
ROMERAL,7.0,"COMERCIO AL POR MAYOR Y AL POR MENOR; REPARACION DE VEHICULOS AUTOMOTORES Y MOTOCICLETAS, AGRICULTURA, GANADERIA, SILVICULTURA Y PESCA, INDUSTRIA MANUFACTURERA",2022,39889300
TRAIGUEN,9.0,"COMERCIO AL POR MAYOR Y AL POR MENOR; REPARACION DE VEHICULOS AUTOMOTORES Y MOTOCICLETAS, AGRICULTURA, GANADERIA, SILVICULTURA Y PESCA, ACTIVIDADES FINANCIERAS Y DE SEGUROS",2022,5734800
LAS CABRAS,6.0,"ACTIVIDADES FINANCIERAS Y DE SEGUROS, ACTIVIDADES INMOBILIARIAS, AGRICULTURA, GANADERIA, SILVICULTURA Y PESCA",2022,68640200
CHIMBARONGO,6.0,"AGRICULTURA, GANADERIA, SILVICULTURA Y PESCA, COMERCIO AL POR MAYOR Y AL POR MENOR; REPARACION DE VEHICULOS AUTOMOTORES Y MOTOCICLETAS, TRANSPORTE Y ALMACENAMIENTO",2022,15527200
SANTA MARIA,5.0,"COMERCIO AL POR MAYOR Y AL POR MENOR; REPARACION DE VEHICULOS AUTOMOTORES Y MOTOCICLETAS, AGRICULTURA, GANADERIA, SILVICULTURA Y PESCA, ACTIVIDADES DE ALOJAMIENTO Y DE SERVICIO DE COMIDAS",2022,7674200
NOGALES,5.0,"AGRICULTURA, GANADERIA, SILVICULTURA Y PESCA, ACTIVIDADES FINANCIERAS Y DE SEGUROS, COMERCIO AL POR MAYOR Y AL POR MENOR; REPARACION DE VEHICULOS AUTOMOTORES Y MOTOCICLETAS",2022,9559500
PEUMO,6.0,"ACTIVIDADES FINANCIERAS Y DE SEGUROS, AGRICULTURA, GANADERIA, SILVICULTURA Y PESCA, COMERCIO AL POR MAYOR Y AL POR MENOR; REPARACION DE VEHICULOS AUTOMOTORES Y MOTOCICLETAS",2022,9548700
QUELLON,10.0,"AGRICULTURA, GANADERIA, SILVICULTURA Y PESCA, COMERCIO AL POR MAYOR Y AL POR MENOR; REPARACION DE VEHICULOS AUTOMOTORES Y MOTOCICLETAS, INDUSTRIA MANUFACTURERA",2022,13644400
PIRQUE,13.0,"ACTIVIDADES FINANCIERAS Y DE SEGUROS, COMERCIO AL POR MAYOR Y AL POR MENOR; REPARACION DE VEHICULOS AUTOMOTORES Y MOTOCICLETAS, AGRICULTURA, GANADERIA, SILVICULTURA Y PESCA",2022,32121700
PINTO,16.0,"ACTIVIDADES DE ALOJAMIENTO Y DE SERVICIO DE COMIDAS, AGRICULTURA, GANADERIA, SILVICULTURA Y PESCA, COMERCIO AL POR MAYOR Y AL POR MENOR; REPARACION DE VEHICULOS AUTOMOTORES Y MOTOCICLETAS",2022,3653600
LA ESTRELLA,6.0,"ACTIVIDADES FINANCIERAS Y DE SEGUROS, ACTIVIDADES INMOBILIARIAS, COMERCIO AL POR MAYOR Y AL POR MENOR; REPARACION DE VEHICULOS AUTOMOTORES Y MOTOCICLETAS",2022,9395700
PEMUCO,16.0,"INDUSTRIA MANUFACTURERA, AGRICULTURA, GANADERIA, SILVICULTURA Y PESCA, COMERCIO AL POR MAYOR Y AL POR MENOR; REPARACION DE VEHICULOS AUTOMOTORES Y MOTOCICLETAS",2022,2799100
TIERRA AMARILLA,3.0,"EXPLOTACION DE MINAS Y CANTERAS, AGRICULTURA, GANADERIA, SILVICULTURA Y PESCA, CONSTRUCCION",2022,10546900
QUILLON,16.0,"COMERCIO AL POR MAYOR Y AL POR MENOR; REPARACION DE VEHICULOS AUTOMOTORES Y MOTOCICLETAS, CONSTRUCCION, INDUSTRIA MANUFACTURERA",2022,4281600
ZAPALLAR,5.0,"ACTIVIDADES FINANCIERAS Y DE SEGUROS, ACTIVIDADES INMOBILIARIAS, ACTIVIDADES PROFESIONALES, CIENTIFICAS Y TECNICAS",2022,63216000
LANCO,14.0,"INDUSTRIA MANUFACTURERA, AGRICULTURA, GANADERIA, SILVICULTURA Y PESCA, COMERCIO AL POR MAYOR Y AL POR MENOR; REPARACION DE VEHICULOS AUTOMOTORES Y MOTOCICLETAS",2022,5410800
VICUNA,4.0,"EXPLOTACION DE MINAS Y CANTERAS, COMERCIO AL POR MAYOR Y AL POR MENOR; REPARACION DE VEHICULOS AUTOMOTORES Y MOTOCICLETAS, AGRICULTURA, GANADERIA, SILVICULTURA Y PESCA",2022,11439800
LONGAVI,7.0,"COMERCIO AL POR MAYOR Y AL POR MENOR; REPARACION DE VEHICULOS AUTOMOTORES Y MOTOCICLETAS, AGRICULTURA, GANADERIA, SILVICULTURA Y PESCA, INDUSTRIA MANUFACTURERA",2022,7506600
CABRERO,8.0,"INDUSTRIA MANUFACTURERA, COMERCIO AL POR MAYOR Y AL POR MENOR; REPARACION DE VEHICULOS AUTOMOTORES Y MOTOCICLETAS, TRANSPORTE Y ALMACENAMIENTO",2022,12656600
CURANILAHUE,8.0,"COMERCIO AL POR MAYOR Y AL POR MENOR; REPARACION DE VEHICULOS AUTOMOTORES Y MOTOCICLETAS, CONSTRUCCION, TRANSPORTE Y ALMACENAMIENTO",2022,7473100
QUILACO,8.0,"AGRICULTURA, GANADERIA, SILVICULTURA Y PESCA, CONSTRUCCION, TRANSPORTE Y ALMACENAMIENTO",2022,423700
DONIHUE,6.0,"INDUSTRIA MANUFACTURERA, COMERCIO AL POR MAYOR Y AL POR MENOR; REPARACION DE VEHICULOS AUTOMOTORES Y MOTOCICLETAS, AGRICULTURA, GANADERIA, SILVICULTURA Y PESCA",2022,19151600
PAPUDO,5.0,"CONSTRUCCION, ACTIVIDADES FINANCIERAS Y DE SEGUROS, ACTIVIDADES INMOBILIARIAS",2022,7228700
LOS MUERMOS,10.0,"COMERCIO AL POR MAYOR Y AL POR MENOR; REPARACION DE VEHICULOS AUTOMOTORES Y MOTOCICLETAS, AGRICULTURA, GANADERIA, SILVICULTURA Y PESCA, CONSTRUCCION",2022,4227700
VICHUQUEN,7.0,"ACTIVIDADES FINANCIERAS Y DE SEGUROS, ACTIVIDADES PROFESIONALES, CIENTIFICAS Y TECNICAS, TRANSPORTE Y ALMACENAMIENTO",2022,9504300
HIJUELAS,5.0,"COMERCIO AL POR MAYOR Y AL POR MENOR; REPARACION DE VEHICULOS AUTOMOTORES Y MOTOCICLETAS, AGRICULTURA, GANADERIA, SILVICULTURA Y PESCA, TRANSPORTE Y ALMACENAMIENTO",2022,19108200
FRUTILLAR,10.0,"AGRICULTURA, GANADERIA, SILVICULTURA Y PESCA, COMERCIO AL POR MAYOR Y AL POR MENOR; REPARACION DE VEHICULOS AUTOMOTORES Y MOTOCICLETAS, ACTIVIDADES INMOBILIARIAS",2022,13849800
HUASCO,3.0,"CONSTRUCCION, TRANSPORTE Y ALMACENAMIENTO, COMERCIO AL POR MAYOR Y AL POR MENOR; REPARACION DE VEHICULOS AUTOMOTORES Y MOTOCICLETAS",2022,3440100
ISLA DE PASCUA,5.0,"ACTIVIDADES FINANCIERAS Y DE SEGUROS, ACTIVIDADES INMOBILIARIAS, SUMINISTRO DE ELECTRICIDAD, GAS, VAPOR Y AIRE ACONDICIONADO",2022,12744400
TOCOPILLA,2.0,"COMERCIO AL POR MAYOR Y AL POR MENOR; REPARACION DE VEHICULOS AUTOMOTORES Y MOTOCICLETAS, EXPLOTACION DE MINAS Y CANTERAS, TRANSPORTE Y ALMACENAMIENTO",2022,6196300
HUALAIHUE,10.0,"COMERCIO AL POR MAYOR Y AL POR MENOR; REPARACION DE VEHICULOS AUTOMOTORES Y MOTOCICLETAS, TRANSPORTE Y ALMACENAMIENTO, AGRICULTURA, GANADERIA, SILVICULTURA Y PESCA",2022,1444800
PUMANQUE,6.0,"AGRICULTURA, GANADERIA, SILVICULTURA Y PESCA, ACTIVIDADES FINANCIERAS Y DE SEGUROS, COMERCIO AL POR MAYOR Y AL POR MENOR; REPARACION DE VEHICULOS AUTOMOTORES Y MOTOCICLETAS",2022,973000
PALMILLA,6.0,"ACTIVIDADES FINANCIERAS Y DE SEGUROS, AGRICULTURA, GANADERIA, SILVICULTURA Y PESCA, COMERCIO AL POR MAYOR Y AL POR MENOR; REPARACION DE VEHICULOS AUTOMOTORES Y MOTOCICLETAS",2022,15990500
MARIA ELENA,2.0,"SUMINISTRO DE ELECTRICIDAD, GAS, VAPOR Y AIRE ACONDICIONADO, CONSTRUCCION, COMERCIO AL POR MAYOR Y AL POR MENOR; REPARACION DE VEHICULOS AUTOMOTORES Y MOTOCICLETAS",2022,1474600
YUNGAY,16.0,"COMERCIO AL POR MAYOR Y AL POR MENOR; REPARACION DE VEHICULOS AUTOMOTORES Y MOTOCICLETAS, AGRICULTURA, GANADERIA, SILVICULTURA Y PESCA, INDUSTRIA MANUFACTURERA",2022,4052400
PAIHUANO,4.0,"ACTIVIDADES FINANCIERAS Y DE SEGUROS, AGRICULTURA, GANADERIA, SILVICULTURA Y PESCA, COMERCIO AL POR MAYOR Y AL POR MENOR; REPARACION DE VEHICULOS AUTOMOTORES Y MOTOCICLETAS",2022,1439900
LAUTARO,9.0,"COMERCIO AL POR MAYOR Y AL POR MENOR; REPARACION DE VEHICULOS AUTOMOTORES Y MOTOCICLETAS, INDUSTRIA MANUFACTURERA, AGRICULTURA, GANADERIA, SILVICULTURA Y PESCA",2022,27191300
SALAMANCA,4.0,"COMERCIO AL POR MAYOR Y AL POR MENOR; REPARACION DE VEHICULOS AUTOMOTORES Y MOTOCICLETAS, CONSTRUCCION, TRANSPORTE Y ALMACENAMIENTO",2022,8591800
AYSEN,11.0,"COMERCIO AL POR MAYOR Y AL POR MENOR; REPARACION DE VEHICULOS AUTOMOTORES Y MOTOCICLETAS, TRANSPORTE Y ALMACENAMIENTO, AGRICULTURA, GANADERIA, SILVICULTURA Y PESCA",2022,8254100
MEJILLONES,2.0,"INDUSTRIA MANUFACTURERA, TRANSPORTE Y ALMACENAMIENTO, SUMINISTRO DE ELECTRICIDAD, GAS, VAPOR Y AIRE ACONDICIONADO",2022,20880900
GORBEA,9.0,"INDUSTRIA MANUFACTURERA, AGRICULTURA, GANADERIA, SILVICULTURA Y PESCA, COMERCIO AL POR MAYOR Y AL POR MENOR; REPARACION DE VEHICULOS AUTOMOTORES Y MOTOCICLETAS",2022,4566100
LA HIGUERA,4.0,"COMERCIO AL POR MAYOR Y AL POR MENOR; REPARACION DE VEHICULOS AUTOMOTORES Y MOTOCICLETAS, EXPLOTACION DE MINAS Y CANTERAS, AGRICULTURA, GANADERIA, SILVICULTURA Y PESCA",2022,621300
TIL-TIL,13.0,"INDUSTRIA MANUFACTURERA, COMERCIO AL POR MAYOR Y AL POR MENOR; REPARACION DE VEHICULOS AUTOMOTORES Y MOTOCICLETAS, AGRICULTURA, GANADERIA, SILVICULTURA Y PESCA",2022,18195500
PETORCA,5.0,"AGRICULTURA, GANADERIA, SILVICULTURA Y PESCA, COMERCIO AL POR MAYOR Y AL POR MENOR; REPARACION DE VEHICULOS AUTOMOTORES Y MOTOCICLETAS, CONSTRUCCION",2022,1099400
MARIA PINTO,13.0,"ACTIVIDADES FINANCIERAS Y DE SEGUROS, AGRICULTURA, GANADERIA, SILVICULTURA Y PESCA, ACTIVIDADES PROFESIONALES, CIENTIFICAS Y TECNICAS",2022,17013300
LOLOL,6.0,"AGRICULTURA, GANADERIA, SILVICULTURA Y PESCA, ACTIVIDADES FINANCIERAS Y DE SEGUROS, ACTIVIDADES PROFESIONALES, CIENTIFICAS Y TECNICAS",2022,6187000
PERQUENCO,9.0,"COMERCIO AL POR MAYOR Y AL POR MENOR; REPARACION DE VEHICULOS AUTOMOTORES Y MOTOCICLETAS, AGRICULTURA, GANADERIA, SILVICULTURA Y PESCA, INDUSTRIA MANUFACTURERA",2022,1226600
HUALQUI,8.0,"ACTIVIDADES FINANCIERAS Y DE SEGUROS, CONSTRUCCION, ACTIVIDADES INMOBILIARIAS",2022,12599300
PORTEZUELO,16.0,"AGRICULTURA, GANADERIA, SILVICULTURA Y PESCA, CONSTRUCCION, ACTIVIDADES INMOBILIARIAS",2022,550600
CHOLCHOL,9.0,"COMERCIO AL POR MAYOR Y AL POR MENOR; REPARACION DE VEHICULOS AUTOMOTORES Y MOTOCICLETAS, ACTIVIDADES INMOBILIARIAS, CONSTRUCCION",2022,529500
MAFIL,14.0,"AGRICULTURA, GANADERIA, SILVICULTURA Y PESCA, INDUSTRIA MANUFACTURERA, COMERCIO AL POR MAYOR Y AL POR MENOR; REPARACION DE VEHICULOS AUTOMOTORES Y MOTOCICLETAS",2022,1991300
NINHUE,16.0,"COMERCIO AL POR MAYOR Y AL POR MENOR; REPARACION DE VEHICULOS AUTOMOTORES Y MOTOCICLETAS, AGRICULTURA, GANADERIA, SILVICULTURA Y PESCA, TRANSPORTE Y ALMACENAMIENTO",2022,231500
PITRUFQUEN,9.0,"COMERCIO AL POR MAYOR Y AL POR MENOR; REPARACION DE VEHICULOS AUTOMOTORES Y MOTOCICLETAS, TRANSPORTE Y ALMACENAMIENTO, CONSTRUCCION",2022,5177200
NEGRETE,8.0,"AGRICULTURA, GANADERIA, SILVICULTURA Y PESCA, COMERCIO AL POR MAYOR Y AL POR MENOR; REPARACION DE VEHICULOS AUTOMOTORES Y MOTOCICLETAS, TRANSPORTE Y ALMACENAMIENTO",2022,4231900
ANTUCO,8.0,"COMERCIO AL POR MAYOR Y AL POR MENOR; REPARACION DE VEHICULOS AUTOMOTORES Y MOTOCICLETAS, TRANSPORTE Y ALMACENAMIENTO, CONSTRUCCION",2022,302900
RINCONADA,5.0,"ACTIVIDADES ARTISTICAS, DE ENTRETENIMIENTO Y RECREATIVAS, COMERCIO AL POR MAYOR Y AL POR MENOR; REPARACION DE VEHICULOS AUTOMOTORES Y MOTOCICLETAS, AGRICULTURA, GANADERIA, SILVICULTURA Y PESCA",2022,4576900
CALLE LARGA,5.0,"TRANSPORTE Y ALMACENAMIENTO, COMERCIO AL POR MAYOR Y AL POR MENOR; REPARACION DE VEHICULOS AUTOMOTORES Y MOTOCICLETAS, AGRICULTURA, GANADERIA, SILVICULTURA Y PESCA",2022,7502700
COCHRANE,11.0,"COMERCIO AL POR MAYOR Y AL POR MENOR; REPARACION DE VEHICULOS AUTOMOTORES Y MOTOCICLETAS, CONSTRUCCION, ACTIVIDADES DE ALOJAMIENTO Y DE SERVICIO DE COMIDAS",2022,576600
COIHUECO,16.0,"AGRICULTURA, GANADERIA, SILVICULTURA Y PESCA, COMERCIO AL POR MAYOR Y AL POR MENOR; REPARACION DE VEHICULOS AUTOMOTORES Y MOTOCICLETAS, CONSTRUCCION",2022,7421400
LOS SAUCES,9.0,"COMERCIO AL POR MAYOR Y AL POR MENOR; REPARACION DE VEHICULOS AUTOMOTORES Y MOTOCICLETAS, AGRICULTURA, GANADERIA, SILVICULTURA Y PESCA, TRANSPORTE Y ALMACENAMIENTO",2022,2196300
SAN PABLO,10.0,"ACTIVIDADES FINANCIERAS Y DE SEGUROS, AGRICULTURA, GANADERIA, SILVICULTURA Y PESCA, INDUSTRIA MANUFACTURERA",2022,7036100
SAN FABIAN,16.0,"ACTIVIDADES FINANCIERAS Y DE SEGUROS, AGRICULTURA, GANADERIA, SILVICULTURA Y PESCA, CONSTRUCCION",2022,763400
CHILE CHICO,11.0,"EXPLOTACION DE MINAS Y CANTERAS, COMERCIO AL POR MAYOR Y AL POR MENOR; REPARACION DE VEHICULOS AUTOMOTORES Y MOTOCICLETAS, AGRICULTURA, GANADERIA, SILVICULTURA Y PESCA",2022,2677600
CARAHUE,9.0,"COMERCIO AL POR MAYOR Y AL POR MENOR; REPARACION DE VEHICULOS AUTOMOTORES Y MOTOCICLETAS, AGRICULTURA, GANADERIA, SILVICULTURA Y PESCA, TRANSPORTE Y ALMACENAMIENTO",2022,2073900
MARCHIGUE,6.0,"AGRICULTURA, GANADERIA, SILVICULTURA Y PESCA, COMERCIO AL POR MAYOR Y AL POR MENOR; REPARACION DE VEHICULOS AUTOMOTORES Y MOTOCICLETAS, CONSTRUCCION",2022,6160600
LOTA,8.0,"AGRICULTURA, GANADERIA, SILVICULTURA Y PESCA, INDUSTRIA MANUFACTURERA, COMERCIO AL POR MAYOR Y AL POR MENOR; REPARACION DE VEHICULOS AUTOMOTORES Y MOTOCICLETAS",2022,10172500
LONCOCHE,9.0,"COMERCIO AL POR MAYOR Y AL POR MENOR; REPARACION DE VEHICULOS AUTOMOTORES Y MOTOCICLETAS, INDUSTRIA MANUFACTURERA, CONSTRUCCION",2022,4384900
CALBUCO,10.0,"COMERCIO AL POR MAYOR Y AL POR MENOR; REPARACION DE VEHICULOS AUTOMOTORES Y MOTOCICLETAS, INDUSTRIA MANUFACTURERA, CONSTRUCCION",2022,14484400
LOS LAGOS,14.0,"COMERCIO AL POR MAYOR Y AL POR MENOR; REPARACION DE VEHICULOS AUTOMOTORES Y MOTOCICLETAS, CONSTRUCCION, AGRICULTURA, GANADERIA, SILVICULTURA Y PESCA",2022,6550200
CHONCHI,10.0,"AGRICULTURA, GANADERIA, SILVICULTURA Y PESCA, INDUSTRIA MANUFACTURERA, COMERCIO AL POR MAYOR Y AL POR MENOR; REPARACION DE VEHICULOS AUTOMOTORES Y MOTOCICLETAS",2022,12297300
EL CARMEN,16.0,"COMERCIO AL POR MAYOR Y AL POR MENOR; REPARACION DE VEHICULOS AUTOMOTORES Y MOTOCICLETAS, AGRICULTURA, GANADERIA, SILVICULTURA Y PESCA, TRANSPORTE Y ALMACENAMIENTO",2022,2495500
FREIRE,9.0,"AGRICULTURA, GANADERIA, SILVICULTURA Y PESCA, COMERCIO AL POR MAYOR Y AL POR MENOR; REPARACION DE VEHICULOS AUTOMOTORES Y MOTOCICLETAS, INDUSTRIA MANUFACTURERA",2022,10908000
FRESIA,10.0,"AGRICULTURA, GANADERIA, SILVICULTURA Y PESCA, COMERCIO AL POR MAYOR Y AL POR MENOR; REPARACION DE VEHICULOS AUTOMOTORES Y MOTOCICLETAS, CONSTRUCCION",2022,1775700
PUREN,9.0,"COMERCIO AL POR MAYOR Y AL POR MENOR; REPARACION DE VEHICULOS AUTOMOTORES Y MOTOCICLETAS, AGRICULTURA, GANADERIA, SILVICULTURA Y PESCA, TRANSPORTE Y ALMACENAMIENTO",2022,2673100
LA UNION,14.0,"AGRICULTURA, GANADERIA, SILVICULTURA Y PESCA, TRANSPORTE Y ALMACENAMIENTO, COMERCIO AL POR MAYOR Y AL POR MENOR; REPARACION DE VEHICULOS AUTOMOTORES Y MOTOCICLETAS",2022,15572800
PELARCO,7.0,"AGRICULTURA, GANADERIA, SILVICULTURA Y PESCA, COMERCIO AL POR MAYOR Y AL POR MENOR; REPARACION DE VEHICULOS AUTOMOTORES Y MOTOCICLETAS, ACTIVIDADES DE SERVICIOS ADMINISTRATIVOS Y DE APOYO",2022,2771700
EMPEDRADO,7.0,"COMERCIO AL POR MAYOR Y AL POR MENOR; REPARACION DE VEHICULOS AUTOMOTORES Y MOTOCICLETAS, INDUSTRIA MANUFACTURERA, AGRICULTURA, GANADERIA, SILVICULTURA Y PESCA",2022,1667000
RIO CLARO,7.0,"AGRICULTURA, GANADERIA, SILVICULTURA Y PESCA, COMERCIO AL POR MAYOR Y AL POR MENOR; REPARACION DE VEHICULOS AUTOMOTORES Y MOTOCICLETAS, ACTIVIDADES FINANCIERAS Y DE SEGUROS",2022,6626600
MAULLIN,10.0,"COMERCIO AL POR MAYOR Y AL POR MENOR; REPARACION DE VEHICULOS AUTOMOTORES Y MOTOCICLETAS, CONSTRUCCION, AGRICULTURA, GANADERIA, SILVICULTURA Y PESCA",2022,3920500
RIO HURTADO,4.0,"AGRICULTURA, GANADERIA, SILVICULTURA Y PESCA, COMERCIO AL POR MAYOR Y AL POR MENOR; REPARACION DE VEHICULOS AUTOMOTORES Y MOTOCICLETAS, CONSTRUCCION",2022,225000
LITUECHE,6.0,"ACTIVIDADES FINANCIERAS Y DE SEGUROS, COMERCIO AL POR MAYOR Y AL POR MENOR; REPARACION DE VEHICULOS AUTOMOTORES Y MOTOCICLETAS, AGRICULTURA, GANADERIA, SILVICULTURA Y PESCA",2022,7955000
LEBU,8.0,"COMERCIO AL POR MAYOR Y AL POR MENOR; REPARACION DE VEHICULOS AUTOMOTORES Y MOTOCICLETAS, AGRICULTURA, GANADERIA, SILVICULTURA Y PESCA, CONSTRUCCION",2022,3590500
TOLTEN,9.0,"COMERCIO AL POR MAYOR Y AL POR MENOR; REPARACION DE VEHICULOS AUTOMOTORES Y MOTOCICLETAS, AGRICULTURA, GANADERIA, SILVICULTURA Y PESCA, INDUSTRIA MANUFACTURERA",2022,1851000
FLORIDA,8.0,"AGRICULTURA, GANADERIA, SILVICULTURA Y PESCA, ACTIVIDADES INMOBILIARIAS, COMERCIO AL POR MAYOR Y AL POR MENOR; REPARACION DE VEHICULOS AUTOMOTORES Y MOTOCICLETAS",2022,4129600
SAN GREGORIO,12.0,"TRANSPORTE Y ALMACENAMIENTO, SUMINISTRO DE AGUA; EVACUACION DE AGUAS RESIDUALES, GESTION DE DESECHOS Y DESCONTAMINACION, SUMINISTRO DE ELECTRICIDAD, GAS, VAPOR Y AIRE ACONDICIONADO",2022,154000
SAAVEDRA,9.0,"COMERCIO AL POR MAYOR Y AL POR MENOR; REPARACION DE VEHICULOS AUTOMOTORES Y MOTOCICLETAS, AGRICULTURA, GANADERIA, SILVICULTURA Y PESCA, CONSTRUCCION",2022,724200
PAILLACO,14.0,"AGRICULTURA, GANADERIA, SILVICULTURA Y PESCA, COMERCIO AL POR MAYOR Y AL POR MENOR; REPARACION DE VEHICULOS AUTOMOTORES Y MOTOCICLETAS, INDUSTRIA MANUFACTURERA",2022,8933600
CUREPTO,7.0,"ACTIVIDADES FINANCIERAS Y DE SEGUROS, COMERCIO AL POR MAYOR Y AL POR MENOR; REPARACION DE VEHICULOS AUTOMOTORES Y MOTOCICLETAS, AGRICULTURA, GANADERIA, SILVICULTURA Y PESCA",2022,1958600
PALENA,10.0,"COMERCIO AL POR MAYOR Y AL POR MENOR; REPARACION DE VEHICULOS AUTOMOTORES Y MOTOCICLETAS, SUMINISTRO DE ELECTRICIDAD, GAS, VAPOR Y AIRE ACONDICIONADO, ACTIVIDADES DE ALOJAMIENTO Y DE SERVICIO DE COMIDAS",2022,242100
TALTAL,2.0,"EXPLOTACION DE MINAS Y CANTERAS, TRANSPORTE Y ALMACENAMIENTO, COMERCIO AL POR MAYOR Y AL POR MENOR; REPARACION DE VEHICULOS AUTOMOTORES Y MOTOCICLETAS",2022,5804400
CURACO DE VELEZ,10.0,"AGRICULTURA, GANADERIA, SILVICULTURA Y PESCA, INDUSTRIA MANUFACTURERA, COMERCIO AL POR MAYOR Y AL POR MENOR; REPARACION DE VEHICULOS AUTOMOTORES Y MOTOCICLETAS",2022,1260200
TEODORO SCHMIDT,9.0,"COMERCIO AL POR MAYOR Y AL POR MENOR; REPARACION DE VEHICULOS AUTOMOTORES Y MOTOCICLETAS, AGRICULTURA, GANADERIA, SILVICULTURA Y PESCA, CONSTRUCCION",2022,1894300
TUCAPEL,8.0,"ACTIVIDADES FINANCIERAS Y DE SEGUROS, INDUSTRIA MANUFACTURERA, COMERCIO AL POR MAYOR Y AL POR MENOR; REPARACION DE VEHICULOS AUTOMOTORES Y MOTOCICLETAS",2022,9127500
CARTAGENA,5.0,"COMERCIO AL POR MAYOR Y AL POR MENOR; REPARACION DE VEHICULOS AUTOMOTORES Y MOTOCICLETAS, AGRICULTURA, GANADERIA, SILVICULTURA Y PESCA, TRANSPORTE Y ALMACENAMIENTO",2022,9577400
SAN PEDRO DE ATACAMA,2.0,"ACTIVIDADES DE ALOJAMIENTO Y DE SERVICIO DE COMIDAS, COMERCIO AL POR MAYOR Y AL POR MENOR; REPARACION DE VEHICULOS AUTOMOTORES Y MOTOCICLETAS, CONSTRUCCION",2022,2393500
CANELA,4.0,"ACTIVIDADES DE ALOJAMIENTO Y DE SERVICIO DE COMIDAS, COMERCIO AL POR MAYOR Y AL POR MENOR; REPARACION DE VEHICULOS AUTOMOTORES Y MOTOCICLETAS, EXPLOTACION DE MINAS Y CANTERAS",2022,1124100
CORRAL,14.0,"INDUSTRIA MANUFACTURERA, COMERCIO AL POR MAYOR Y AL POR MENOR; REPARACION DE VEHICULOS AUTOMOTORES Y MOTOCICLETAS, CONSTRUCCION",2022,1428500
FUTRONO,14.0,"AGRICULTURA, GANADERIA, SILVICULTURA Y PESCA, COMERCIO AL POR MAYOR Y AL POR MENOR; REPARACION DE VEHICULOS AUTOMOTORES Y MOTOCICLETAS, ACTIVIDADES INMOBILIARIAS",2022,5047500
LUMACO,9.0,"AGRICULTURA, GANADERIA, SILVICULTURA Y PESCA, TRANSPORTE Y ALMACENAMIENTO, COMERCIO AL POR MAYOR Y AL POR MENOR; REPARACION DE VEHICULOS AUTOMOTORES Y MOTOCICLETAS",2022,2274300
ERCILLA,9.0,"AGRICULTURA, GANADERIA, SILVICULTURA Y PESCA, COMERCIO AL POR MAYOR Y AL POR MENOR; REPARACION DE VEHICULOS AUTOMOTORES Y MOTOCICLETAS, CONSTRUCCION",2022,412400
YUMBEL,8.0,"COMERCIO AL POR MAYOR Y AL POR MENOR; REPARACION DE VEHICULOS AUTOMOTORES Y MOTOCICLETAS, AGRICULTURA, GANADERIA, SILVICULTURA Y PESCA, INDUSTRIA MANUFACTURERA",2022,4363900
LOS ALAMOS,8.0,"COMERCIO AL POR MAYOR Y AL POR MENOR; REPARACION DE VEHICULOS AUTOMOTORES Y MOTOCICLETAS, AGRICULTURA, GANADERIA, SILVICULTURA Y PESCA, CONSTRUCCION",2022,2454400
EL TABO,5.0,"ACTIVIDADES FINANCIERAS Y DE SEGUROS, CONSTRUCCION, COMERCIO AL POR MAYOR Y AL POR MENOR; REPARACION DE VEHICULOS AUTOMOTORES Y MOTOCICLETAS",2022,10595100
COINCO,6.0,"AGRICULTURA, GANADERIA, SILVICULTURA Y PESCA, TRANSPORTE Y ALMACENAMIENTO, COMERCIO AL POR MAYOR Y AL POR MENOR; REPARACION DE VEHICULOS AUTOMOTORES Y MOTOCICLETAS",2022,1587300
COCHAMO,10.0,"ACTIVIDADES FINANCIERAS Y DE SEGUROS, ACTIVIDADES ARTISTICAS, DE ENTRETENIMIENTO Y RECREATIVAS, ACTIVIDADES INMOBILIARIAS",2022,685200
ALTO BIO BIO,8.0,"COMERCIO AL POR MAYOR Y AL POR MENOR; REPARACION DE VEHICULOS AUTOMOTORES Y MOTOCICLETAS, ACTIVIDADES INMOBILIARIAS, ACTIVIDADES FINANCIERAS Y DE SEGUROS",2022,323700
TORRES DE PAINE,12.0,"ACTIVIDADES DE ALOJAMIENTO Y DE SERVICIO DE COMIDAS, AGRICULTURA, GANADERIA, SILVICULTURA Y PESCA, INFORMACION Y COMUNICACIONES",2022,110700
CHANCO,7.0,"COMERCIO AL POR MAYOR Y AL POR MENOR; REPARACION DE VEHICULOS AUTOMOTORES Y MOTOCICLETAS, AGRICULTURA, GANADERIA, SILVICULTURA Y PESCA, TRANSPORTE Y ALMACENAMIENTO",2022,1001500
NAVIDAD,6.0,"COMERCIO AL POR MAYOR Y AL POR MENOR; REPARACION DE VEHICULOS AUTOMOTORES Y MOTOCICLETAS, ACTIVIDADES DE ALOJAMIENTO Y DE SERVICIO DE COMIDAS, CONSTRUCCION",2022,1649600
QUEMCHI,10.0,"AGRICULTURA, GANADERIA, SILVICULTURA Y PESCA, COMERCIO AL POR MAYOR Y AL POR MENOR; REPARACION DE VEHICULOS AUTOMOTORES Y MOTOCICLETAS, TRANSPORTE Y ALMACENAMIENTO",2022,1469400
MONTE PATRIA,4.0,"AGRICULTURA, GANADERIA, SILVICULTURA Y PESCA, COMERCIO AL POR MAYOR Y AL POR MENOR; REPARACION DE VEHICULOS AUTOMOTORES Y MOTOCICLETAS, INDUSTRIA MANUFACTURERA",2022,7676800
SIERRA GORDA,2.0,"EXPLOTACION DE MINAS Y CANTERAS, ACTIVIDADES DE ALOJAMIENTO Y DE SERVICIO DE COMIDAS, TRANSPORTE Y ALMACENAMIENTO",2022,2697100
PUNITAQUI,4.0,"EXPLOTACION DE MINAS Y CANTERAS, AGRICULTURA, GANADERIA, SILVICULTURA Y PESCA, COMERCIO AL POR MAYOR Y AL POR MENOR; REPARACION DE VEHICULOS AUTOMOTORES Y MOTOCICLETAS",2022,1627300
TIMAUKEL,12.0,"INDUSTRIA MANUFACTURERA, AGRICULTURA, GANADERIA, SILVICULTURA Y PESCA, ACTIVIDADES FINANCIERAS Y DE SEGUROS",2022,402200
TREHUACO,16.0,"INDUSTRIA MANUFACTURERA, ACTIVIDADES DE SERVICIOS ADMINISTRATIVOS Y DE APOYO, ACTIVIDADES PROFESIONALES, CIENTIFICAS Y TECNICAS",2022,3900700
FREIRINA,3.0,"ACTIVIDADES INMOBILIARIAS, COMERCIO AL POR MAYOR Y AL POR MENOR; REPARACION DE VEHICULOS AUTOMOTORES Y MOTOCICLETAS, TRANSPORTE Y ALMACENAMIENTO",2022,1651900
QUINCHAO,10.0,"COMERCIO AL POR MAYOR Y AL POR MENOR; REPARACION DE VEHICULOS AUTOMOTORES Y MOTOCICLETAS, AGRICULTURA, GANADERIA, SILVICULTURA Y PESCA, CONSTRUCCION",2022,1126800
SANTA JUANA,8.0,"COMERCIO AL POR MAYOR Y AL POR MENOR; REPARACION DE VEHICULOS AUTOMOTORES Y MOTOCICLETAS, AGRICULTURA, GANADERIA, SILVICULTURA Y PESCA, INDUSTRIA MANUFACTURERA",2022,3369600
POZO ALMONTE,1.0,"COMERCIO AL POR MAYOR Y AL POR MENOR; REPARACION DE VEHICULOS AUTOMOTORES Y MOTOCICLETAS, EXPLOTACION DE MINAS Y CANTERAS, SUMINISTRO DE ELECTRICIDAD, GAS, VAPOR Y AIRE ACONDICIONADO",2022,9351900
GUAITECAS,11.0,"TRANSPORTE Y ALMACENAMIENTO, COMERCIO AL POR MAYOR Y AL POR MENOR; REPARACION DE VEHICULOS AUTOMOTORES Y MOTOCICLETAS, AGRICULTURA, GANADERIA, SILVICULTURA Y PESCA",2022,199000
PUQUELDON,10.0,"ACTIVIDADES FINANCIERAS Y DE SEGUROS, AGRICULTURA, GANADERIA, SILVICULTURA Y PESCA, INDUSTRIA MANUFACTURERA",2022,586800
CURARREHUE,9.0,"COMERCIO AL POR MAYOR Y AL POR MENOR; REPARACION DE VEHICULOS AUTOMOTORES Y MOTOCICLETAS, AGRICULTURA, GANADERIA, SILVICULTURA Y PESCA, CONSTRUCCION",2022,1074700
HUARA,1.0,"EXPLOTACION DE MINAS Y CANTERAS, CONSTRUCCION, COMERCIO AL POR MAYOR Y AL POR MENOR; REPARACION DE VEHICULOS AUTOMOTORES Y MOTOCICLETAS",2022,2301500
SAN ROSENDO,8.0,"COMERCIO AL POR MAYOR Y AL POR MENOR; REPARACION DE VEHICULOS AUTOMOTORES Y MOTOCICLETAS, AGRICULTURA, GANADERIA, SILVICULTURA Y PESCA, INDUSTRIA MANUFACTURERA",2022,621600
PICA,1.0,"TRANSPORTE Y ALMACENAMIENTO, COMERCIO AL POR MAYOR Y AL POR MENOR; REPARACION DE VEHICULOS AUTOMOTORES Y MOTOCICLETAS, ACTIVIDADES DE ALOJAMIENTO Y DE SERVICIO DE COMIDAS",2022,959100
CAMARONES,15.0,"EXPLOTACION DE MINAS Y CANTERAS, COMERCIO AL POR MAYOR Y AL POR MENOR; REPARACION DE VEHICULOS AUTOMOTORES Y MOTOCICLETAS, AGRICULTURA, GANADERIA, SILVICULTURA Y PESCA",2022,1028800
ALTO DEL CARMEN,3.0,"AGRICULTURA, GANADERIA, SILVICULTURA Y PESCA, INDUSTRIA MANUFACTURERA, COMERCIO AL POR MAYOR Y AL POR MENOR; REPARACION DE VEHICULOS AUTOMOTORES Y MOTOCICLETAS",2022,296100
LICANTEN,7.0,"COMERCIO AL POR MAYOR Y AL POR MENOR; REPARACION DE VEHICULOS AUTOMOTORES Y MOTOCICLETAS, ACTIVIDADES DE ALOJAMIENTO Y DE SERVICIO DE COMIDAS, TRANSPORTE Y ALMACENAMIENTO",2022,1000400
RIO VERDE,12.0,"AGRICULTURA, GANADERIA, SILVICULTURA Y PESCA, ACTIVIDADES DE SERVICIOS ADMINISTRATIVOS Y DE APOYO, COMERCIO AL POR MAYOR Y AL POR MENOR; REPARACION DE VEHICULOS AUTOMOTORES Y MOTOCICLETAS",2022,30300
CABO DE HORNOS,12.0,"ACTIVIDADES DE SERVICIOS ADMINISTRATIVOS Y DE APOYO, COMERCIO AL POR MAYOR Y AL POR MENOR; REPARACION DE VEHICULOS AUTOMOTORES Y MOTOCICLETAS, TRANSPORTE Y ALMACENAMIENTO",2022,1370400
TIRUA,8.0,"COMERCIO AL POR MAYOR Y AL POR MENOR; REPARACION DE VEHICULOS AUTOMOTORES Y MOTOCICLETAS, AGRICULTURA, GANADERIA, SILVICULTURA Y PESCA, CONSTRUCCION",2022,1375300
MELIPEUCO,9.0,"COMERCIO AL POR MAYOR Y AL POR MENOR; REPARACION DE VEHICULOS AUTOMOTORES Y MOTOCICLETAS, SUMINISTRO DE ELECTRICIDAD, GAS, VAPOR Y AIRE ACONDICIONADO, ACTIVIDADES DE ALOJAMIENTO Y DE SERVICIO DE COMIDAS",2022,628100
SAN JUAN DE LA COSTA,10.0,"AGRICULTURA, GANADERIA, SILVICULTURA Y PESCA, COMERCIO AL POR MAYOR Y AL POR MENOR; REPARACION DE VEHICULOS AUTOMOTORES Y MOTOCICLETAS, ACTIVIDADES INMOBILIARIAS",2022,385700
QUEILEN,10.0,"COMERCIO AL POR MAYOR Y AL POR MENOR; REPARACION DE VEHICULOS AUTOMOTORES Y MOTOCICLETAS, INDUSTRIA MANUFACTURERA, TRANSPORTE Y ALMACENAMIENTO",2022,652400
PRIMAVERA,12.0,"AGRICULTURA, GANADERIA, SILVICULTURA Y PESCA, COMERCIO AL POR MAYOR Y AL POR MENOR; REPARACION DE VEHICULOS AUTOMOTORES Y MOTOCICLETAS, ACTIVIDADES DE ALOJAMIENTO Y DE SERVICIO DE COMIDAS",2022,195600
OHIGGINS,11.0,"COMERCIO AL POR MAYOR Y AL POR MENOR; REPARACION DE VEHICULOS AUTOMOTORES Y MOTOCICLETAS, ACTIVIDADES DE ALOJAMIENTO Y DE SERVICIO DE COMIDAS, ACTIVIDADES PROFESIONALES, CIENTIFICAS Y TECNICAS",2022,40900
PUTRE,15.0,"TRANSPORTE Y ALMACENAMIENTO, ACTIVIDADES DE ALOJAMIENTO Y DE SERVICIO DE COMIDAS, COMERCIO AL POR MAYOR Y AL POR MENOR; REPARACION DE VEHICULOS AUTOMOTORES Y MOTOCICLETAS",2022,52200
LAGUNA BLANCA,12.0,"ACTIVIDADES DE SERVICIOS ADMINISTRATIVOS Y DE APOYO, COMERCIO AL POR MAYOR Y AL POR MENOR; REPARACION DE VEHICULOS AUTOMOTORES Y MOTOCICLETAS, AGRICULTURA, GANADERIA, SILVICULTURA Y PESCA",2022,242300
COLCHANE,1.0,"CONSTRUCCION, INDUSTRIA MANUFACTURERA, COMERCIO AL POR MAYOR Y AL POR MENOR; REPARACION DE VEHICULOS AUTOMOTORES Y MOTOCICLETAS",2022,56700
LAGO VERDE,11.0,"AGRICULTURA, GANADERIA, SILVICULTURA Y PESCA, COMERCIO AL POR MAYOR Y AL POR MENOR; REPARACION DE VEHICULOS AUTOMOTORES Y MOTOCICLETAS, CONSTRUCCION",2022,294300
ANTARTIDA,12.0,"CONSTRUCCION, INDUSTRIA MANUFACTURERA, ACTIVIDADES ARTISTICAS, DE ENTRETENIMIENTO Y RECREATIVAS",2022,3100
TORTEL,11.0,"AGRICULTURA, GANADERIA, SILVICULTURA Y PESCA, INDUSTRIA MANUFACTURERA, ACTIVIDADES DE ALOJAMIENTO Y DE SERVICIO DE COMIDAS",2022,10200
OLLAGUE,2.0,"ACTIVIDADES ARTISTICAS, DE ENTRETENIMIENTO Y RECREATIVAS, ACTIVIDADES DE ALOJAMIENTO Y DE SERVICIO DE COMIDAS, ACTIVIDADES DE SERVICIOS ADMINISTRATIVOS Y DE APOYO",2022,39700
CAMINA,1.0,"CONSTRUCCION, TRANSPORTE Y ALMACENAMIENTO, AGRICULTURA, GANADERIA, SILVICULTURA Y PESCA",2022,19900
GENERAL LAGOS,15.0,"INFORMACION Y COMUNICACIONES, AGRICULTURA, GANADERIA, SILVICULTURA Y PESCA, ACTIVIDADES ARTISTICAS, DE ENTRETENIMIENTO Y RECREATIVAS",2022,300
